m,k,c,A,gamma
0.866945273048,3.72234574423,0.011173483792,0.0106679250798,0.00644822145694
1.30106871724,16.3600856476,0.0516962490964,0.173537275717,0.0198512478694
0.699286247258,17.2227469028,0.0910999699404,0.0101077066613,0.0656577084983
1.44023802275,2.16080497439,0.0721342287393,0.0198807896611,0.0249622208799
1.45951619389,6.95810881013,0.0225158597446,0.0522556085848,0.00771279731539
0.213476299933,2.66264502846,0.0614774028568,0.125763775682,0.144448078979
0.824926218897,4.83846439932,0.148870925715,0.463884455466,0.0900199430341
0.969553950252,8.94312440095,0.064517299695,0.0457894928435,0.0330109238743
0.27297727914,10.5321815293,0.0414824717948,0.0336582584317,0.075419802916
0.612160572487,15.5066444821,0.125464371297,0.0405399591652,0.102770468578
0.745692588105,4.19661749442,0.0499978202407,0.0375060247837,0.0335495090249
0.492775373959,15.5347528295,0.0184994177727,0.114492296321,0.0188661539682
0.242686344027,13.6042355631,0.0842751316171,0.0255082992699,0.172393171697
1.50492281576,2.28874827754,0.0248487379964,0.018001981312,0.00827922816221
0.564117226883,12.5127931697,0.0186748140432,0.0122569560853,0.0167018265836
0.507670391957,3.15895209663,0.0127859753753,0.0968204989397,0.0126492926895
0.397856198348,9.39777133469,0.0171651803063,0.398677673674,0.0214115352073
0.463596516422,2.54991248425,0.0549399927819,0.376017255334,0.0595698075217
0.551324319866,18.01442852,0.0387189076999,0.0527777265449,0.035123609349
0.834148643115,19.7754557389,0.130630431504,0.060478761965,0.0782000367187
1.14487702708,6.28713362976,0.0419294730974,0.216284967362,0.0183571085872
0.519619983785,10.8520945128,0.0686070779653,0.383302321682,0.0659992466464
0.260592930004,10.7163061608,0.123235313972,0.441039577155,0.237011314418
0.20688847607,14.6106684565,0.142552523615,0.422932815008,0.345454099696
0.281704644879,18.7784096737,0.111338515945,0.249567750995,0.196386424007
0.603973549481,3.41509599124,0.0877171958033,0.370723434214,0.0728331545267
0.369113787725,6.91774267689,0.0331678814194,0.381742482449,0.0451375172632
0.219553672933,10.7903663849,0.0527908926395,0.0111735687236,0.120349648032
1.04773093871,2.07501731572,0.0778788533693,0.0743295819612,0.0371764706805
1.69876856698,2.32869436564,0.0976036139821,0.0129808856588,0.0288027764977
0.441916252928,5.38677365691,0.136828689961,0.0902017649704,0.156049729612
0.36298993982,3.48903808253,0.110791946855,0.0241961007267,0.152424193402
0.266430967283,3.88472922368,0.0489028548678,0.087374186021,0.0911135432715
1.29044878061,7.26952354771,0.0218378394726,0.0502919530116,0.00844274820815
1.3156821016,8.46323612865,0.134265004992,0.0424235506328,0.0508182851391
0.7139067795,7.85152824362,0.0994644476393,0.0176666895658,0.0693868208817
0.509964955215,16.2550742394,0.0112370054423,0.24989254058,0.0111370377808
0.520491969169,13.5155580113,0.010273240896,0.0417063777263,0.00987224855189
0.239695583939,8.98761730972,0.0209928562133,0.156237323891,0.0433497274006
1.75724138408,2.67822523595,0.104005952155,0.0126190833788,0.0296971409113
0.480618522457,5.38026982997,0.037577828413,0.456016120262,0.0389755577915
1.19322181237,4.07274630543,0.0207659921163,0.292695022543,0.0086779637944
1.52172847875,6.48241007985,0.0254052340172,0.490156460607,0.00836718055316
0.413974453061,3.04608750098,0.108411588403,0.239957028292,0.130969785518
0.930935091368,18.1737114126,0.122666174833,0.186746195507,0.0659132736395
1.45121381887,3.53326926807,0.0146594893037,0.137535554598,0.005084666506
1.03668910009,2.93821062208,0.0291884781054,0.351963188236,0.0140297306737
0.728502024846,7.57470825917,0.0169166486379,0.0782881484661,0.0116401081548
0.667520677287,2.45451469148,0.142841439529,0.0934940527367,0.106561551617
0.202973283952,11.8489317213,0.141426161791,0.100501254901,0.348880529143
0.417553022721,3.07990776964,0.0617949088016,0.0214526831105,0.0740235721788
0.756341426258,8.00330139164,0.135486925363,0.0132671157591,0.0889615960302
0.632415956837,11.0950043016,0.0161597567952,0.0456366478826,0.0127318163233
0.231166817531,10.6392462132,0.012683030722,0.0469082208784,0.0272960796614
1.49469515504,5.93376486106,0.118393178163,0.200110652857,0.0395747502295
1.64571245431,2.68184086862,0.0122044072142,0.0131668593175,0.00369068522095
1.47871435871,8.61191976597,0.0383719286777,0.018960743298,0.0129839114512
0.943546772437,4.15955990715,0.068558229487,0.0605521955946,0.0360023060403
0.643427851958,12.3224120789,0.0128551498377,0.0962262002616,0.0100403746694
0.31496691955,12.8578024084,0.0375774711561,0.478369756437,0.0594902948316
