M,a,G,eps
9.39492633075e+22,3463964.45989,3.20450179303e-11,434833.99986
5.39542022269e+21,42319495.1748,1.30349696564e-10,8302.78582539
8.17036683212e+22,28773528.4501,7.19612696728e-11,102983.992873
3.70778763598e+23,42825960.12,3.01325151922e-11,130022.714676
2.59285695272e+23,1167269.53433,9.70797222838e-11,10781228.0904
1.12274529957e+22,53254688.0056,7.17111036074e-11,7583.25625709
1.98789657479e+22,7004456.49801,3.13990027882e-11,44450.7558696
8.8620981845e+21,21940616.6476,8.50133852923e-11,17034.4656737
8.50629083279e+22,5852684.43588,1.49327944772e-10,1077143.27404
4.57762994963e+23,23500871.5612,8.5461946046e-11,834723.743914
1.19086756142e+23,5995740.7755,3.72863317577e-11,370565.685892
1.38658559707e+23,11238507.6348,4.94277703071e-11,306466.755116
4.68425708135e+22,60114005.7732,1.34893075072e-10,52181.993711
2.59752895715e+22,13901435.8989,5.03614591183e-11,47184.4374343
7.71916038766e+22,4740481.44496,5.63444558754e-11,462887.922353
3.01660681842e+23,2846526.21027,8.17919148993e-11,4353395.36732
7.36208269714e+21,46268806.3138,1.0648277538e-10,8408.4766873
1.50559751862e+22,56619817.0347,3.29654155188e-11,4406.3272236
2.35073744583e+22,1997831.85596,6.19291278372e-11,364437.741947
1.95712491135e+23,2892573.59887,3.26198968771e-11,1102104.44479
3.22161533588e+22,2494744.5872,3.47180169946e-11,224722.324919
7.23826995499e+22,3957238.86409,8.84760076453e-11,808954.189851
1.25314374956e+22,76599550.4808,5.39911167634e-11,4426.83682206
8.12756709667e+21,18122424.6656,1.33405727862e-10,29996.4927246
3.79948132094e+22,81129908.726,6.70707918577e-11,15607.6242874
3.54345771055e+22,17395098.9703,1.48820878301e-10,152029.026209
3.95236781618e+23,8319366.91304,1.0156661744e-10,2423808.29829
4.9410061598e+22,11445224.6197,1.06258061667e-10,229604.021318
3.37506159436e+22,29441988.8286,9.42299141035e-11,54025.8654325
3.6567003856e+23,1697716.87921,9.69797263369e-11,10471472.041
3.57946286813e+23,86268526.4338,3.07185364771e-11,64237.9730045
2.66839540933e+23,91704380.2368,1.40017544819e-10,203461.791045
9.91968836828e+21,88157167.4687,1.25649138128e-10,7018.32280266
2.20656974649e+23,9119601.2118,4.36056691532e-11,526380.396456
2.00784952301e+23,70316997.7038,4.60403198724e-11,65466.2273725
5.98189546796e+22,7682554.64376,1.34237678261e-10,520544.922306
6.0254769123e+21,29108001.6799,8.06398527002e-11,8437.00284124
5.69771516463e+21,27443502.9982,3.07821531065e-11,3196.55973738
1.64010634613e+23,10605165.407,1.3382499504e-10,1024393.16235
6.77852181071e+21,48154242.9138,3.33991620102e-11,2358.97792612
2.44112468252e+22,7254332.60769,1.42026593785e-10,238244.74699
6.65937833354e+22,3294042.41027,4.426345701e-11,446206.779935
2.9868034593e+23,2829689.97921,3.66590543673e-11,1939287.31231
1.88639014267e+22,14867780.1182,7.31836212693e-11,46437.4361435
2.08157256922e+23,13211493.1527,4.77220434947e-11,376119.75518
3.34782454941e+22,43275484.8119,8.22300358262e-11,32020.3640398
4.14119126926e+23,5480356.64766,7.30096261514e-11,2749052.33108
7.70581197005e+22,49725873.0118,3.79142870956e-11,29451.8334008
3.25080319434e+22,66056859.6323,3.21531641726e-11,7879.66062297
2.20995059431e+23,6772797.24925,1.14058944919e-10,1863501.2803
5.23454726932e+21,5371459.62309,3.40471913973e-11,16595.7574167
1.00971581132e+23,3529378.18662,9.29509805593e-11,1320620.40131
3.85987160239e+23,1793222.60362,1.20663340291e-10,12941134.7963
6.57503861151e+21,5774854.10322,5.99129125001e-11,33937.5470994
4.74973191711e+22,89727309.1642,1.04545688683e-10,27649.973049
2.07340780854e+22,3464763.30364,1.20341767986e-10,358403.149925
2.89457195382e+23,10505410.1108,5.22123984123e-11,719815.490436
4.88432665026e+23,4284371.19468,4.0256102665e-11,2273963.53564
2.87850008718e+23,42137697.0289,8.78933293121e-11,301733.825283
4.12854733137e+23,71027929.4142,1.00028674591e-10,289918.642112
