R,C,V0,tau
1878.98526615,6.44703668272e-06,1.10717904778,0.0121215047398
107.908404454,0.000275302856507,9.66114724513,0.0296841760087
1634.07336642,0.000154343975712,3.86073413684,0.254222336013
7415.57527196,0.00028025970618,1.00682812334,2.07162721131
5185.71390545,1.26112090812e-06,6.12957655999,0.00653924451476
224.549059913,0.000388630397724,3.8400315657,0.0875435046857
397.579314959,1.85379481703e-05,1.07290694865,0.00735291240603
177.24196369,0.000102771629861,4.99384183816,0.0180727095828
1701.25816656,1.41590026417e-05,11.9170911483,0.0239100315246
9155.25989926,0.000113926814283,5.03458238846,1.04601979475
2381.73512284,1.46812918442e-05,1.39892236886,0.0349931189708
2773.17119414,3.76758420421e-05,2.1617586919,0.105013214813
936.85141627,0.000466083257959,10.1859665444,0.433541001059
519.50579143,5.18309885691e-05,2.22513010985,0.0270028511254
1543.83207753,1.03212827708e-05,2.64623178097,0.0160783241093
6033.21363684,4.8025597926e-06,4.70469939236,0.0291048720117
147.241653943,0.000314725870157,7.07003774264,0.0459958545441
301.119503724,0.000426042272398,1.15665948826,0.128973158838
470.147489167,2.82382904342e-06,3.06194791464,0.00132796218762
3914.24982269,4.91956413795e-06,1.13799515354,0.0192314135264
644.323067175,3.94038932215e-06,1.25296513029,0.00254516839557
1447.653991,7.87206005211e-06,5.31134203632,0.0113930254273
250.628749913,0.000670408221388,2.47753641396,0.168421195966
162.551341933,7.71479614184e-05,10.0130827635,0.0125746744729
759.896264189,0.000730754470791,3.46320489866,0.551843368514
708.69154211,7.25504910146e-05,11.8546704773,0.0515691415362
7904.73563237,2.39958101886e-05,6.57244195733,0.190560536516
988.20123196,3.87201009207e-05,7.04701493026,0.0383034941266
675.012318872,0.000159753622706,5.85399109137,0.107867543258
7313.40077121,2.21206507935e-06,6.11983118638,0.0162199660539
7158.92573625,0.000801269422441,1.03721972806,5.78205540331
5336.79081866,0.000878183191063,10.7895485698,4.68096718668
198.393767366,0.000827725703202,9.12854922759,0.163033888089
4413.13949297,2.75399895687e-05,1.78144532158,0.121270833314
4015.69904602,0.000589644808749,1.93732640988,2.3582496164
1196.37909359,2.12940606612e-05,10.1096571405,0.0253751091233
120.509538246,0.000157043001428,4.60277861005,0.0191306373538
113.954303293,0.000143767035789,1.0405380707,0.0163886313584
3280.21269227,3.45363287568e-05,10.0617112704,0.112145807563
135.570436214,0.000334157981463,1.18024075374,0.0454605510786
488.224936504,1.95387238948e-05,11.0295064779,0.00951058679365
1331.87566671,5.97852128135e-06,1.82310590725,0.00794097433625
5973.6069186,4.76001460497e-06,1.36275286155,0.0285015206412
377.278028534,5.73283172845e-05,3.96245258593,0.0216336427607
4163.14513845,4.80206302868e-05,2.04766433267,0.200007768255
669.564909882,0.000284683904026,4.74366514665,0.191893662456
8282.38253852,1.28296034587e-05,3.94791668099,0.105897310248
1541.16239401,0.000350649823656,1.43546402945,0.541783124559
650.160638868,0.000536879578673,1.11295339465,0.347647086803
4419.90118862,1.76259328852e-05,7.86156299532,0.0780154330883
104.690945386,1.24491148416e-05,1.21578298608,0.0013037867587
2019.43162265,6.63051551778e-06,5.73177240344,0.0132993222952
7719.74320477,2.40132701535e-06,8.57536310562,0.0184732164943
131.50077223,1.38775092325e-05,2.90940450425,0.00181581897636
949.946383423,0.000849937450459,6.87244674135,0.80678940353
414.681561709,6.44926699076e-06,8.54010356654,0.00266194666198
5789.14390763,3.40501881977e-05,2.35265093862,0.197260470294
9768.65330051,8.86810111014e-06,1.57463453706,0.0858478627229
5757.00017436,0.000273530773967,5.25743268673,1.58272355234
8257.09466275,0.00059860967475,6.41941942615,4.92929153981
