m,k,A,T
0.866945273048,3.72234574423,0.0117385049692,3.03417324759
0.207757940357,13.0106871724,0.355422033321,0.793355023248
0.808473466831,10.7281924759,0.0838692103623,1.73860909165
1.72227469028,13.0883093056,0.0101077066613,2.27193237456
1.44023802275,2.16080497439,0.173645173687,5.12922223994
0.299699222497,14.5951619389,0.0831622769658,0.90322123254
0.398787820756,5.29318675205,0.0111715715613,1.72054545491
0.266264502846,9.36816239134,0.125763775682,1.05097593553
0.824926218897,4.83846439932,0.494572277436,2.57519968135
1.91366244665,9.69553950252,0.127382802506,2.7994313231
0.976060474119,4.89724035575,0.0169638689872,2.80716177756
1.05321815293,6.7047766957,0.0336582584317,2.50294429022
0.612160572487,15.5066444821,0.386288622015,1.23950871876
0.455853393727,7.45692588105,0.0352246300634,1.55790972299
0.785832571871,4.3545293408,0.0462752671909,2.69327880121
1.55347528295,3.37433028038,0.114492296321,4.28235293004
0.242686344027,13.6042355631,0.217398435755,0.832954019191
0.347055905424,15.0492281576,0.0125749229978,0.959246521133
0.433657694117,2.82689359967,0.0582254797647,2.46156808504
1.25127931697,3.4015135448,0.0122569560853,3.80589618691
0.507670391957,3.15895209663,0.0142622059114,2.52506739808
0.760960969038,3.97856198348,0.138579548076,2.7471596005
0.316625172665,17.5042338285,0.0417168227488,0.847047105242
0.254991248425,8.51408824611,0.376017255334,1.09032299046
0.551324319866,18.01442852,0.0706818637859,1.09235358009
0.532425221833,8.34148643115,0.490500115312,1.59213449147
1.77817160391,5.76866255315,0.193802145041,3.5046070902
0.628713362976,6.76615832497,0.216284967362,1.91730699834
0.519619983785,10.8520945128,0.161514091356,1.37529030227
1.71036847155,2.60592930004,0.173210739802,5.10359335047
1.692208703,18.5761703732,0.0105921853314,1.91154514591
1.46106684565,19.152480804,0.422932815008,1.73329581935
0.281704644879,18.7784096737,0.325067697397,0.764030837084
1.32862929261,6.03973549481,0.0248195909868,2.94047678873
1.26739087041,16.7710462051,0.0283235280936,1.72025652377
0.691774267689,5.54348433524,0.381742482449,2.21080925553
0.219553672933,10.7903663849,0.110611865792,0.905986144508
0.213498761863,10.4773093871,0.0106455834518,0.897233131782
1.14546282214,6.51311458735,0.378896158416,2.60844014793
0.232869436564,13.8786516512,0.0129808856588,0.81673344582
0.441916252928,5.38677365691,0.437835022163,1.79422395877
0.729897435729,3.6298993982,0.0257394811954,2.80982855279
1.54578225098,3.36433647498,0.0162785121913,4.26901243108
0.388472922368,7.71175210135,0.087374186021,1.41053107973
1.29044878061,7.26952354771,0.0309043057576,2.648468039
0.517519046947,13.156821016,0.115988701677,1.25450555219
1.82015192097,4.68203231414,0.0868701117971,3.90420753077
0.785152824362,14.1033149311,0.0176666895658,1.48627718247
0.509964955215,16.2550742394,0.0118350296926,1.10840019081
1.32964674837,5.20491969169,0.256928381126,3.1802176315
0.204637186637,4.63528192156,0.0136016023724,1.32066613307
0.898761730972,3.75732787317,0.156237323891,3.05221884594
1.75724138408,2.67822523595,0.294599757005,5.07177980354
0.229347572239,4.80618522457,0.0537246059249,1.36571290213
0.616424004537,18.9449000171,0.207910326877,1.13252450239
0.407274630543,3.72277493472,0.292695022543,2.06854238529
1.52172847875,6.48241007985,0.038454584176,3.04639633379
1.97672995632,4.13974453061,0.0204372685277,4.30259952284
1.51749796367,12.9827111235,0.136371640923,2.1590557575
1.81737114126,16.8556138321,0.186746195507,2.05751450431
