x1,x2,x3,y1,y2,y3,A
3.547846749,2.278726545,1.808672376,1.024707315,4.433741302,1.052030693,15.70886369
2.079146855,1.750030863,4.751620435,3.884663144,3.483635594,4.311051679,34.61408483
1.163894096,3.690106536,1.379106713,3.706417853,1.775671791,2.984973241,14.80264532
1.066110542,1.780429594,1.01959766,3.6276058,3.751658086,2.743672262,13.34388605
4.253080957,3.31075157,2.291683215,3.749660009,4.035996009,3.407178863,37.16425517
4.651022309,3.408956706,4.962978873,3.345056844,1.301554955,4.400112817,41.78747132
3.426543103,4.849692372,2.058780514,1.461115812,2.517946067,2.165042899,21.64935914
3.917986244,1.289061062,4.322777062,3.67681489,2.30739119,2.07006789,26.26731109
3.174499966,2.999891295,1.692454548,1.026394095,3.28172529,1.197976831,15.17168852
4.740289695,3.976389917,3.345513419,1.731371516,3.612212873,2.065596375,29.38053265
4.263414216,1.708906962,4.833637341,2.683513621,1.725551154,1.264847393,20.6306023
1.010954001,2.552266927,3.866052938,2.513477522,2.878637744,1.166233949,14.44659043
4.429617106,1.251581994,4.922031901,1.47586065,4.968671546,3.210922249,28.57178505
1.134342301,3.903523455,3.298226596,2.707830416,1.063410557,1.73533955,12.93574878
3.918621786,1.351071547,4.933338826,3.494468974,2.483974447,1.297030888,23.5958634
1.702622482,2.580366833,4.348188127,2.509853726,2.337249855,4.666858966,30.63764876
4.452715689,4.494090524,4.112992904,3.833997933,2.62233208,1.59493557,35.36259809
3.165844881,2.889201347,4.553959548,1.923688382,4.476774862,1.379323163,25.31826461
2.198847562,4.650487735,3.525966069,1.575301089,2.753220153,4.882712233,33.54345437
2.690748885,4.063668471,2.425458186,3.995599378,4.532312006,3.667867856,37.98642731
1.113278685,4.66129584,3.11312976,3.674912519,3.302159372,3.903016167,31.70991745
1.497133106,1.509612036,1.906001583,2.717482773,2.69847078,3.252815983,14.32291276
3.682497659,1.294251621,4.110176496,1.547069139,2.009212351,1.281558856,13.59491045
3.588758046,1.281305014,1.680314006,3.654734957,4.294455421,4.367508962,25.97047339
3.461540446,4.475417177,3.308791796,3.999823,3.576802072,2.672116017,38.53866546
2.534710217,3.536279917,3.143595718,1.655770613,1.84890428,2.569871298,18.76771768
4.988839743,2.986286775,3.687611214,3.757206948,1.520281974,1.541236976,29.02486468
4.923341355,1.654173665,4.041946395,2.422548346,1.501725315,1.452879543,20.10861393
3.742167938,3.694933751,1.439311544,4.66047446,4.636287851,3.088983732,38.8996572
3.601837105,2.272069551,3.499763847,4.00615875,2.61356615,3.274974358,31.87463411
3.753786922,3.843519453,2.65582353,2.094924681,4.281231177,3.074742171,32.44932089
2.555685696,2.841421315,3.456805743,4.752105279,4.581448371,3.452498712,37.10002664
1.54038602,3.029879442,3.775938173,1.100931024,1.905332191,4.510573852,24.37267802
3.885953361,4.15866293,3.341918343,1.739296058,1.130289399,3.01681938,21.5204333
3.10141729,1.370981902,3.931544307,1.967611885,1.721344346,2.516590715,18.37569362
2.240967502,3.315034013,3.080101029,3.928320333,4.091914823,2.02629081,28.61230001
2.943341435,1.788939789,2.851471237,3.104672122,1.061652704,2.22738657,17.30209866
4.557951337,4.232547007,2.147075462,2.857501632,3.25652824,3.243228213,33.88534998
4.736174064,2.955384145,1.91660668,1.890133355,1.765067062,4.181489365,22.09366821
2.431180787,4.954781333,3.781208424,4.025868441,4.06664273,2.76448412,40.32233425
3.286119323,1.731773299,3.782845411,1.468425632,2.917502786,1.163049309,14.42296577
2.287477564,4.85207656,1.781930052,1.989364882,3.196319756,1.752618015,23.06173919
3.377200121,4.203668146,4.887349666,4.225441278,2.173633028,1.362608934,30.11160096
2.351644902,2.925041986,3.684603121,2.804189858,2.826314015,2.333373656,23.44626831
2.566476002,4.254136257,3.124864493,4.507270946,1.182850412,3.737506632,28.17896517
4.561097408,3.411395621,4.364701406,3.406656417,4.238078588,3.362858928,44.73010623
1.908630374,3.620484256,2.946081733,4.158178588,4.629995694,3.64851036,35.55789659
3.492748579,4.654763051,2.90377948,1.749613092,4.010590079,2.818380524,33.04056238
1.336061374,1.261081666,2.0330976,2.264887471,2.98248909,1.439122148,9.756344197
4.330576591,4.339952816,1.624541926,2.506824207,4.375137398,2.18502382,33.37903689
4.14839323,2.52725912,3.846482316,2.976796824,1.015283503,3.043841916,26.66590677
1.957477772,2.302182464,4.376443873,2.889868098,3.663829628,2.98865986,27.00338738
4.505936923,4.976107085,3.711195112,4.28986463,4.069543669,1.974645552,46.91959175
1.234272139,4.124762008,2.475286067,1.692762128,2.306624949,4.301206233,22.08261227
2.344468242,2.942140555,3.302888365,4.405943659,4.426286764,2.733253344,32.33620568
1.601117868,2.690513586,3.253649895,4.556185177,1.000760006,4.381824501,24.33992483
2.801357467,4.510115623,4.746264334,1.302076142,3.528480846,2.061970521,29.44086467
4.185297081,1.347259489,2.550696848,1.037561478,2.204095924,4.767758343,19.49304574
1.922568836,3.833675028,1.659130608,2.171011891,3.514511695,1.447429386,20.1323956
1.208085204,4.156618495,4.507731573,2.602979071,2.005434638,4.076729962,29.82145744
2.618207359,4.196785519,4.578913988,4.881797627,1.83911948,1.080745812,25.38580824
1.794052178,2.289146899,1.19306238,1.285634388,3.504641547,1.945282654,12.64977272
1.363012182,4.186556731,1.792896123,4.125221061,2.987739282,4.482213217,26.28442044
3.321329544,1.901313768,3.545134614,2.901699814,1.749122753,2.400419999,21.42975967
2.194784531,2.449231802,4.155380623,1.519494099,4.54469972,4.729917972,34.06659641
3.687979512,2.669792449,3.426770027,2.464321235,4.529546648,4.717668002,37.40343198
1.798061776,3.165639935,1.766356785,2.523605628,3.19827362,4.200770308,22.13124318
4.768452442,1.450454662,1.470566301,1.974290001,3.82438411,2.584421797,18.6900897
2.460440673,2.627791203,3.023890536,2.17745503,2.80554694,4.433074014,26.13038602
1.421981118,1.00120276,4.262041627,2.679675325,4.205773457,2.828417348,20.0070475
3.516432606,3.977522905,1.868268724,4.84904558,4.335424985,1.50468878,37.14349071
4.708618212,4.407503649,1.300530779,2.835442276,4.056638797,4.407833476,36.90982265
2.761508619,1.555726716,3.204179983,4.800540048,1.972595357,4.264986818,30.19182481
4.818361975,3.815143077,1.767268593,1.122128286,1.097953841,1.542261762,12.4013659
2.999583255,4.284412354,1.269694882,1.264441034,3.633012313,4.466106068,25.00072908
2.700914499,4.927313291,4.093058392,1.111263625,2.645030778,3.075852212,28.60795932
3.480853808,4.375162249,4.284906424,3.663778553,4.57704338,3.974363034,49.9160629
4.980386021,2.696425942,2.593342204,1.880930764,4.43939011,2.072704083,26.63515785
4.7957747,4.918754834,2.176305441,3.305680725,3.135008376,1.861845935,35.36049014
2.840180557,4.895937619,2.108483558,4.181464542,2.509776603,4.39325126,33.34728203
4.030915381,3.014707917,2.443885703,2.327255675,3.851958164,3.400855192,29.41944447
2.989690782,4.013786154,3.307630572,1.982709971,3.837478782,1.590821862,26.57532091
3.117248641,4.655350671,3.111280312,3.901634349,3.729131573,2.463480345,37.2576108
4.143142803,2.904588288,2.421396725,2.903591173,4.369696217,4.436143273,35.42921687
2.658623397,4.455144964,3.549683917,1.596840584,3.309274341,2.873134327,29.29051007
3.937934287,3.806274264,3.703069768,1.34978047,3.064173919,2.347411582,25.7658862
3.844571512,2.175697024,3.233115792,3.948670005,3.067632534,2.36381546,29.48035683
4.728238746,4.07060908,2.54917966,4.44164934,4.555922632,4.298576809,50.54604694
1.459730533,3.282739143,3.495611128,4.561448313,2.467004534,2.81719611,24.70876866
3.916060468,1.375380614,3.367611133,3.04035603,4.367663439,4.793414011,34.05470492
4.709695714,2.565521705,2.36129543,1.613818265,3.019558255,2.248800604,20.5724186
4.87170476,1.294964054,2.212804051,1.902629649,1.341355803,4.025921317,19.90096469
1.05882522,2.904667853,3.182995516,2.814095556,2.795927949,2.142821971,17.87650656
4.454560361,2.714158433,3.449366956,4.407429494,2.164785591,4.071355208,39.45165282
4.92478016,2.694949772,3.443193756,3.600789675,3.111540179,1.070391906,29.83094493
4.828840718,3.345201414,2.531352036,2.096827828,4.413239421,1.519283926,28.7314692
1.595056049,1.490762641,3.263095629,4.023754566,1.717822109,2.037027626,15.56903394
4.890515255,4.73507564,4.943078541,2.741760701,2.900898497,4.480367859,49.37318513
4.559742223,3.736201792,2.712098076,4.931055781,3.330009007,2.289993505,41.2369183
4.28949531,4.295125434,4.372058858,2.71490855,4.079281246,2.934102165,42.07619591
2.919951695,4.587204929,1.325294765,4.348785396,4.76390785,1.42817808,36.43233271
1.929491679,3.333280188,4.500913015,1.058166525,3.202431525,3.266713144,27.54114641
4.207522315,1.160872884,4.766824622,3.87288506,4.686472075,1.383978136,28.45424655
4.694120639,3.845947296,2.047456063,2.593913771,2.346235849,1.566409351,24.4703367
2.064521089,3.276103417,1.048405663,2.996037232,4.057279085,4.203889581,23.93130475
3.15573763,4.303828889,2.932033654,1.795303201,4.054901833,1.975641145,28.97586269
2.771011316,3.128641894,1.730849031,4.718046055,3.205115923,1.245014844,25.2865993
4.724069264,4.252976381,4.886525017,1.798580054,1.695154875,3.407299521,32.39469664
1.162042845,4.988041172,4.59079374,3.246346816,2.544817183,1.586000624,23.83504612
3.928024783,2.402219245,4.842659544,3.389382494,2.163400473,1.211266895,24.35549307
3.457492988,1.68408576,3.415478631,4.433773709,4.867514477,4.322209266,38.38546593
1.11346146,2.566699198,3.060641468,2.866666159,3.578489844,2.588731284,20.44519458
3.876879091,4.012199959,4.330871398,4.319565125,4.636151347,4.461900304,54.6272841
1.063966918,2.756915727,3.609395863,3.095586257,2.184639079,3.976125872,23.60781845
4.031804009,3.353520438,1.994230705,4.825338638,2.715760234,1.80385612,32.15486277
3.051034893,1.509433888,4.737144153,3.866431335,3.269489303,1.339245184,22.99564405
4.716416883,3.904494044,2.7587978,4.648421044,2.418912734,1.68542901,36.1228538
1.264329987,2.120329607,4.094224913,4.769442129,2.825998509,2.978320658,24.31054749
4.365269118,1.762470242,3.003751828,4.208984625,3.397228229,2.430992558,31.56568818
1.266760035,4.451799994,1.733424972,1.489470186,1.113143897,4.327928173,14.38436504
2.377239915,3.257651284,2.183707388,1.497714393,2.35924462,2.876963372,17.53292828
2.721194928,2.937995769,3.297643075,3.464967001,1.000886799,3.218998802,22.92405284
4.864248323,4.595295061,1.572008337,2.084826731,2.930150488,2.549808978,27.49404248
3.248927369,1.344049744,1.054951434,2.540609297,3.43200266,4.019601353,17.11653101
2.035458373,3.784617801,2.735564897,1.695312706,1.37196184,3.755759165,18.94347384
1.966702856,2.311929159,4.048788687,4.048686652,1.968377609,3.743089336,27.61329794
4.552473283,1.701639,3.456629095,4.417990815,4.215967284,4.086377554,41.40243795
1.903477714,3.6991946,2.296585503,1.531218508,4.361126239,2.594424515,24.98140413
1.498218823,2.451287803,3.868963757,3.067339747,2.550933017,1.476343365,16.65429116
2.153323028,2.31958333,2.938058532,2.58005172,4.256894922,4.271733777,28.07113696
3.344492259,4.774711061,4.998005409,4.160061272,2.108561012,2.382089942,35.88631391
3.216362009,1.797193363,4.10412661,2.859969201,3.824432889,3.767050464,31.4593874
4.238843104,3.048694631,4.322525765,3.923236197,3.181826495,4.953863637,47.79041942
3.241903808,1.096052803,2.038195625,3.264415506,2.760396316,3.807046942,21.50291238
2.153684858,1.653472365,1.609179851,4.912992456,3.625769105,4.626742925,24.05442379
2.651585371,4.533674935,1.797215636,2.678532304,1.053562716,1.053419795,13.79921625
4.272483884,4.156990193,2.729059857,4.950683479,1.649773771,3.414869879,37.39103452
3.50602585,3.22734196,3.048596478,2.661754333,2.175293858,1.389290769,20.49754827
4.836310571,1.889813584,1.778437391,1.730674606,3.722250439,4.490018523,23.47719233
2.477617644,3.23099033,4.119779084,4.128324242,3.824941253,4.840991012,42.52744684
3.210446042,1.048586104,4.473724618,2.086876009,3.723043297,1.13661431,15.68817672
3.375696806,3.851974524,2.264019943,3.263018923,4.070468426,1.533045401,30.06582672
4.393164833,3.867002722,3.032256787,3.58406032,1.318206244,4.331044141,33.99067048
1.581894153,3.584180094,3.37749841,1.798709033,1.423555634,3.747545708,20.63024255
2.626041347,3.445354737,3.889512696,1.137627743,4.421404641,4.926631106,37.23949917
4.639835847,1.29486573,1.589889818,4.948133374,2.427351012,4.026036779,32.54202586
1.172267554,1.985623876,2.123484246,4.269560572,3.273485162,3.376760298,18.48278304
4.290825121,3.297512192,3.922823983,1.49482102,3.014011223,3.156973015,28.74746163
2.661536149,2.576747064,3.272769257,4.39187772,3.506650285,1.039469439,24.15093055
4.319215941,4.968092914,4.599783174,2.032520807,1.307786845,4.135258817,34.31558755
1.039818243,4.69498143,2.791433448,1.989138962,4.079160905,2.536007146,28.28058656
2.460184631,1.60803161,2.62645138,4.090465402,1.493609313,1.426612798,16.25767989
1.314520149,3.359842371,2.22602887,4.029448049,3.725497847,3.187339188,25.01989233
3.610458305,3.784860424,1.925490291,4.383829376,2.608568397,2.47985096,30.55988829
2.095396394,1.546173657,3.603065339,1.546608032,2.969046544,3.42343182,20.25205055
3.810608283,2.250382588,2.058744007,3.990344701,3.686774937,1.066688507,25.58012732
4.775205708,3.863671388,4.449102083,2.879295497,2.484011003,1.659904446,30.68114143
1.507268409,4.604432374,2.082593583,2.303533633,1.184149885,3.159323719,15.56262891
4.459113182,2.366970601,3.693438525,3.93721151,4.856846207,3.439629665,41.51415666
1.237856606,1.955774847,3.272736568,4.380572324,3.090707598,1.328856637,15.76197352
2.523082033,4.287168011,3.513835192,2.28984303,3.968578564,3.545511502,35.25524268
2.719096245,3.339930721,4.581667103,1.619246227,3.125179335,4.364884593,34.78247433
2.955398187,2.906353687,1.679953806,4.966738873,4.278747611,2.147134504,30.77739038
4.905849288,2.024600086,1.599262184,4.676759957,3.258464716,3.085323115,34.5484181
4.102764752,1.290633395,1.487608885,2.159364599,1.491027514,4.6244771,17.65346378
2.235429451,1.071565684,1.305756084,4.257657232,3.567626259,3.811838741,18.36807502
2.079347142,3.319880722,3.136924094,1.358772889,1.690962678,1.826889312,14.23938459
4.452480817,1.764441094,1.662924608,4.65018363,4.29461654,4.8659707,36.19167542
4.525228691,4.902131914,4.22867172,4.098608941,3.724246402,2.368300176,46.78802892
3.042826022,1.429908914,1.090442122,1.787452459,4.759234553,4.296809763,16.88678538
2.377182924,2.808355153,2.498427887,2.182748988,3.516323158,2.810069903,22.07337465
4.979669393,2.578639188,2.892815886,3.382219419,1.90065239,4.159070249,33.73983403
2.263774181,1.929245901,1.866113203,2.423030657,3.228550183,4.683690697,20.44186684
1.730849516,3.9950229,2.423624878,3.944935264,4.087089108,4.610893336,34.43335301
4.520392485,3.574819048,1.891165742,3.369451477,3.84755319,4.218409843,37.03229599
4.249341592,3.90303074,2.127312425,1.82811461,2.369186824,2.291889324,21.9231423
3.671557622,1.331234304,4.707484243,3.44043804,3.621404602,4.650518658,39.40046436
4.833654527,2.410973663,2.668701465,1.056236341,4.741076245,1.613359096,20.76283707
4.702858309,3.079332297,2.543459765,1.446991261,3.739240172,2.040779906,23.52751606
3.992994013,2.706884575,3.44469781,1.644831268,2.469205609,3.585412896,25.5331706
4.442805638,1.162470247,3.656567427,2.414710848,4.643033322,3.992724481,30.64118563
1.988586961,1.77610982,3.64110618,1.047638953,4.310496771,1.201345133,14.09963585
1.564986228,4.780098593,1.339035869,4.719630095,4.420735041,2.075456688,31.30084979
3.680247397,1.650278899,3.327610316,1.958035822,1.427365507,2.476132855,17.77330008
3.858474147,4.40820933,3.9436944,2.082554202,2.163315335,4.388986097,34.85790412
1.668211715,4.288548636,4.182273465,2.502569303,4.160511211,1.00766943,26.26158121
2.582229092,2.565175028,3.354137008,4.762954863,2.099229984,4.559982321,33.15305087
4.641023065,2.867134079,1.522292233,2.407277317,1.294823742,2.338922234,18.38959684
3.24560307,4.296007231,1.334961296,2.724531425,3.73306405,3.466294215,29.55488391
3.31334366,3.722745302,2.292214772,2.19402909,4.197079826,4.743043149,33.85951986
1.776519092,4.347774946,4.710235238,4.90498014,3.567071233,1.24639418,30.05457239
3.104088994,4.030386343,2.890470115,2.459428899,2.379373346,3.181013818,26.32068297
3.09373891,3.765085918,4.581895629,1.334149684,3.239093276,1.888869968,24.99540069
1.355742561,4.651896424,2.838699813,3.631929577,1.086079806,3.808989944,20.760358
4.927770773,4.291228532,4.020472426,3.866419683,3.250646623,4.271273319,50.29759302
3.285582402,1.71625075,2.940508703,2.488964097,4.427204699,1.984997776,21.60141055
1.025635531,3.9928971,3.834809046,1.845540622,1.31221294,4.439578285,24.17985345
4.090596805,1.346725292,2.268717107,2.637005805,2.533277586,1.709653882,18.16260847
4.913062855,2.703424961,4.559461055,2.756272842,1.65945487,2.920289077,31.21954197
3.359480113,2.587007549,2.062832275,4.981199214,2.520031587,1.525130445,26.3130206
