x,u,c,t,x1
8.184808437,1.319681636,6.436857598,1.006176829,7.018532068
6.348933569,1.187507716,18.94438685,1.721165786,4.305255791
5.20486762,1.672526634,4.611203532,1.676604463,2.542010759
5.082638178,1.195107398,3.083290055,1.65690145,3.365464778
9.066351196,1.577687893,8.489653662,1.687415002,6.526433379
9.563777886,1.602239176,19.84266021,1.586264211,7.036676279
8.033178879,1.962423093,7.499817183,1.115278953,6.050618175
8.647482805,1.072265266,17.12180251,1.669203722,6.859554566
7.718124957,1.499972824,5.942931829,1.006598524,6.423750657
9.675362119,1.744097479,12.96843203,1.182842879,7.663094292
9.079267771,1.17722674,19.2929587,1.420878405,7.444448859
5.013692501,1.388066732,15.18072499,1.37836938,3.122894329
9.287021383,1.062895498,19.66863558,1.118965162,8.111672202
5.167927877,1.725880864,12.76746303,1.426957604,2.728251028
8.648277232,1.087767887,19.71669001,1.623617244,6.920603788
5.878278103,1.395091708,17.22979954,1.377463432,3.977380183
9.315894612,1.873522631,16.23021984,1.708499483,6.14590169
7.707306101,1.472300337,18.10432808,1.230922095,5.916971858
6.498559453,1.912621934,13.73535579,1.143825272,4.364531222
7.113436106,1.765917118,9.058197288,1.748899844,4.088847518
5.141598356,1.91532396,11.98080148,1.66872813,1.985134658
5.621416382,1.127403009,6.850506727,1.429370693,4.061767134
8.353122073,1.073562905,16.21825011,1.136767285,7.154082956
8.235947558,1.070326254,5.891334527,1.663683739,6.56701182
8.076925557,1.868854294,12.81236513,1.74995575,4.828938268
6.918387771,1.634069979,12.1102818,1.163942653,5.054004662
9.986049679,1.496571694,14.42234766,1.689301737,7.509210776
9.904176694,1.163543416,15.92827218,1.355637086,8.316014612
8.427709922,1.673733438,4.867074063,1.915118615,5.539281999
8.252296381,1.318017388,13.62399635,1.751539688,5.98031517
8.442233653,1.710879863,10.03725,1.27373117,6.349319318
6.94460712,1.460355329,13.44142441,1.93802632,4.139410682
5.675482525,1.507469861,14.79773723,1.025232756,4.127390003
8.607441701,1.789665732,12.95315296,1.184824014,6.545873984
7.626771612,1.092745476,15.45906331,1.241902971,6.289061313
6.551209378,1.578758503,11.84042937,1.732080083,3.851636204
7.429176794,1.197234947,10.86875276,1.526168031,5.619906733
9.447439172,1.808136752,7.875070713,1.464375408,7.007895226
9.67021758,1.488846036,6.89557839,1.222533339,8.022831837
6.788975984,1.988695333,14.8201358,1.75646711,3.313164442
7.857649154,1.182943325,14.827093,1.117106408,6.584611382
6.609346955,1.96301914,6.323202721,1.24734122,4.354208275
7.971500151,1.800917037,19.52123608,1.80636032,4.747057173
6.689556128,1.481260497,14.40956326,1.451047464,4.561927896
6.958095003,1.813534064,12.03067409,1.876817737,3.576569601
9.45137176,1.602848905,17.29998098,1.601664104,6.924556617
6.135787968,1.655121064,11.27084737,1.789544647,3.229451642
8.115935723,1.913690763,11.09106279,1.187403273,5.947223404
5.420076718,1.065270416,7.390664801,1.316221868,4.068535999
9.163220738,1.834988204,5.654303184,1.376706052,7.014012789
8.935491537,1.38181478,15.09754984,1.494199206,6.907887606
6.196847215,1.325545616,17.34988646,1.472467024,4.225672737
9.382421154,1.994026771,14.52257923,1.822466158,5.80541277
5.292840174,1.781190502,9.269965784,1.173190532,3.232237686
6.680585303,1.485535139,12.78727555,1.851485915,3.948643402
5.751397334,1.422628396,12.57801205,1.889046294,3.101843589
7.251696833,1.877528906,18.92162342,1.075519036,5.275890211
8.981621351,1.086814872,9.590461603,1.00939037,7.93949666
6.153211045,1.708418757,5.801305085,1.292752973,4.143497333
5.260106505,1.789154624,17.90785919,1.400744768,2.761030378
7.022759199,1.79919638,18.21038445,1.970449407,3.48274777
5.992565223,1.322286725,3.820515115,1.071408597,4.877247914
5.453765228,1.796639183,6.369808524,1.781305265,2.37095417
7.90166193,1.225328442,13.81682211,1.475424954,6.109712653
6.493480664,1.36230795,16.41036765,1.129873525,4.961183253
8.35997439,1.417448112,13.31377261,1.366080309,6.470897703
5.99757722,1.541409984,6.257016334,1.380901407,4.001348901
9.710565553,1.112613666,4.999906779,1.2435725,8.527498695
6.825550841,1.406947801,11.60153478,1.294363758,5.04078247
5.527476398,1.00030069,16.86367691,1.419918831,4.101301643
8.145540758,1.744380726,6.690142078,1.962261395,4.898774575
9.635772765,1.851875912,4.277255813,1.458860569,7.682419631
7.201885774,1.138931679,12.36776493,1.950135012,5.040021103
9.772952468,1.703785769,6.260891518,1.030532072,8.346742996
7.499479068,1.821103088,4.146203248,1.066110259,6.181384619
7.126143124,1.981828323,16.14549817,1.027815906,5.124936842
8.10106726,1.843790562,16.9608523,1.665944638,5.079823629
9.975482526,1.424106485,9.771704369,1.220232691,8.311816964
9.744718375,1.979688709,7.999298123,1.576420181,6.843174827
7.300225697,1.973984405,7.71105512,1.795366136,3.870602756
8.788644227,1.503676979,9.136514239,1.331813919,6.901541652
7.487113477,1.753446539,12.80742993,1.245677493,5.35006745
7.646560801,1.913837668,11.97294133,1.725408587,4.414296247
8.928928504,1.476147072,9.04093608,1.475897793,6.835550793
7.073279247,1.863786241,13.83615665,1.149210146,4.996271566
8.672417859,1.701568566,14.48804651,1.087445117,6.887548045
8.55571439,1.293924256,12.49074212,1.737167501,6.338793758
9.660298433,1.76765227,9.584013556,1.860412335,6.490839398
5.574663166,1.570684786,13.60634729,1.890362078,2.642709052
8.645075585,1.093845153,13.06234731,1.510089007,7.017719709
9.637119643,1.391380426,8.785505575,1.153454566,8.118802299
9.83963095,1.073741013,8.154417215,1.225657412,8.595873533
5.073531525,1.476166963,12.27773094,1.453523889,2.940770591
9.318200451,1.428539608,13.40980956,1.851857374,6.691879521
9.9059752,1.423737443,13.38357346,1.650197419,7.604730697
9.786050898,1.586300354,9.508246151,1.274206957,7.874617177
5.743820061,1.12269066,12.61815642,1.755938642,3.776683101
9.863144069,1.93376891,19.7580838,1.435440175,7.137005262
9.449677779,1.684050448,10.27641682,1.982763945,6.213330853
9.111869138,1.823781358,17.33125015,1.428727137,6.557938952
7.399939619,1.896801232,4.382502752,1.837196349,4.340785223
6.161864598,1.583320047,17.87888031,1.014541631,4.596513473
9.009402894,1.040218221,19.00900464,1.718221265,7.255899079
9.617650799,1.711486824,7.45168827,1.398478443,7.434631313
6.330651361,1.569025854,3.205724066,1.499009308,4.571310438
7.694672038,1.825957222,11.21114303,1.1988258,5.592690015
7.213764145,1.532160473,6.10610838,1.929511514,4.403877957
9.65508658,1.813244095,19.51773132,1.199645013,7.519665797
5.202553556,1.997010293,18.2608734,1.561586704,2.113281364
8.660030978,1.350554811,19.33130306,1.597345624,6.514718685
8.071866235,1.17102144,13.26578418,1.858443427,5.936866354
5.141826826,1.391674799,11.75772624,1.46666654,3.150137898
8.596098864,1.75304999,17.15620344,1.829891281,5.408187057
5.079958648,1.439228932,14.08993242,1.523896564,2.890532023
8.789755012,1.588380109,7.225480498,1.956334659,5.823964043
7.563793616,1.127358472,18.88286265,1.716607834,5.623428855
9.645521104,1.726123511,10.47489065,1.912105261,6.452729807
5.330412484,1.280082402,16.15045588,1.942360532,2.87088269
9.206586398,1.19061756,11.51594527,1.802246156,7.080429415
5.333450044,1.862949999,6.117056133,1.122367547,3.411808513
6.721549894,1.564412821,8.030756399,1.124428598,5.060249309
7.15149366,1.484498942,12.76498307,1.61624175,4.773195656
9.830310404,1.898823765,5.431035432,1.271206683,7.893327037
7.811159211,1.086012436,3.233543596,1.385152324,6.697514637
6.294322966,1.69615445,10.37615081,1.173828177,4.366974083
6.20837857,1.32798229,15.95735192,1.762171663,3.871301064
9.440591603,1.17540975,13.44067365,1.854497704,7.286924769
6.129347142,1.67479865,8.510488389,1.132804627,4.311953959
5.622773529,1.362821951,15.19309597,1.516834937,3.587736129
6.441653785,1.329895832,11.23674876,1.39501293,4.636050011
7.930615324,1.943677765,19.99152299,1.790015318,4.472507041
7.770452511,1.199298341,16.19253809,1.4649923,6.016231987
9.04855388,1.512173658,17.1207345,1.730809049,6.465365437
7.80237976,1.024013201,7.412331404,1.566103877,6.284225446
6.442106072,1.163368091,5.589014368,1.978248114,4.239651988
7.064481713,1.883418734,6.388166455,1.419633076,4.600099421
9.090604855,1.789247548,10.34850439,1.98767087,5.630497466
8.132532312,1.55683549,11.70653503,1.415438583,5.964943662
9.795388213,1.222453396,6.308358911,1.182668651,8.527531407
6.847022055,1.557747583,16.25906111,1.78208106,4.089212027
7.763057553,1.012146526,17.76332963,1.271719002,6.486343283
7.969621008,1.712993631,8.372084758,1.565754731,5.382971747
9.241456041,1.716750681,11.63709134,1.64601508,6.489463595
5.727367691,1.646045024,13.10436824,1.199677258,3.787387146
7.032551684,1.611338684,15.28042896,1.034406936,5.368700305
9.549794808,1.073716433,5.507031726,1.987033344,7.568864305
5.215334443,1.246405969,7.774808044,1.817390143,2.952309518
9.113531401,1.574378048,15.42200193,1.123705255,7.384946234
7.076920187,1.394186766,12.65926934,1.84796943,4.532610776
9.149019926,1.992023229,18.29907849,1.258130202,6.685951712
5.049772804,1.923745357,10.61359215,1.24728474,2.691462532
6.825230789,1.152007903,9.912418366,1.77261635,4.824443142
5.393150186,1.589960593,8.210622698,1.757362012,2.670153005
8.263072882,1.696215106,6.933333735,1.845957344,5.308716526
6.369245493,1.136543414,14.06302769,1.136652008,5.11029269
8.513260353,1.312595647,7.499662031,1.747586175,6.294513315
9.719007135,1.715917847,17.65868385,1.469823874,7.221556964
5.634085511,1.901108093,7.601022726,1.325883408,3.226744965
9.323891477,1.34174265,14.44711373,1.734302878,6.981392651
5.297320758,1.238943712,12.65913041,1.845143081,3.015545021
6.903852542,1.821792003,13.68379956,1.322460758,4.536011156
7.148870306,1.58498268,18.22208519,1.154811557,5.328007144
7.444247734,1.476588422,5.889803675,1.991684718,4.662523316
9.88231161,1.256150021,5.54686428,1.919189989,7.684741319
8.878455941,1.072658349,5.072337763,1.28984115,7.666490565
6.544286814,1.017891421,4.299463356,1.814414308,4.844345046
6.349183928,1.579970181,12.0819274,1.089693222,4.680723916
9.315601021,1.191110273,5.817429583,1.912545907,7.155318478
9.406535864,1.975532978,16.72185481,1.774652235,5.936469265
7.553532528,1.107477228,3.384379019,1.196863115,6.582797723
6.721478655,1.452088788,9.368318519,1.295687247,4.897104042
9.974586741,1.394659797,11.04446751,1.595554855,7.805234723
6.579717727,1.232311475,6.680981112,1.355757664,4.992375501
5.913561895,1.748755725,9.050405732,1.736233816,2.95191931
9.400490607,1.643704762,6.787454404,1.592362869,7.004282253
9.061676991,1.725757685,7.791077808,1.207028653,7.162519012
8.339447028,1.082808576,18.75680803,1.61010951,6.617534131
9.792068159,1.352743416,10.09198123,1.014059085,8.482063759
9.628572886,1.519833074,9.559704001,1.111747815,8.044491063
8.741242517,1.426721144,13.38996569,1.161207817,7.111995005
9.303507048,1.040617562,14.29041156,1.353677712,7.89996857
6.235733702,1.194027455,14.22470126,1.011909738,5.042674453
5.706232785,1.945024648,4.440902443,1.929907524,2.172674341
8.350309247,1.162569725,12.89234384,1.239508955,6.932274159
8.573092683,1.852052332,15.5107012,1.27063855,6.260317539
5.835264644,1.822137159,16.52466222,1.375642326,3.354731297
6.977786366,1.391293757,13.00508228,1.940738716,4.335335789
9.551278831,1.46678352,5.21974199,1.351819329,7.875699234
7.807003838,1.824001808,4.423585506,1.431132856,5.713087894
7.891679575,1.680686326,8.491912783,1.298507273,5.842156035
5.970648864,1.836943736,18.76849976,1.976245035,2.34433446
7.630111243,1.757596586,11.03449799,1.364857225,5.280338045
7.617173637,1.691271479,18.22305642,1.083537421,5.813066265
5.444678201,1.912974106,10.81447421,1.657982394,2.304021564
9.909713466,1.822807133,15.83700781,1.716604921,6.84931404
7.856978002,1.179062688,11.24716199,1.372241024,6.271432954
5.032044413,1.748224275,15.04793844,1.211385155,2.938405713
8.863246006,1.086681323,8.392047703,1.409251451,7.410243726
9.891328569,1.42585624,18.12770948,1.439068211,7.840437202
7.949350142,1.396751887,7.517037169,1.995299803,5.237503998
