x,c,u,t,t1
3.547846749,5.237771454,1.202168094,1.024707315,0.902337204
2.079146855,4.31255401,1.937905109,3.884663144,4.099915757
1.163894096,7.707686437,1.094776678,3.706417853,3.697924575
1.066110542,4.365751789,1.004899415,3.6276058,3.66986448
4.253080957,7.043815248,1.322920804,3.749660009,3.708504519
4.651022309,7.215674235,1.990744718,3.345056844,3.28891347
3.426543103,9.736961652,1.264695128,1.461115812,1.423947823
3.917986244,3.505856859,1.830694266,3.67681489,3.618603942
3.174499966,6.499809766,1.173113637,1.026394095,0.9595577643
4.740289695,8.208682355,1.586378355,1.731371516,1.637042411
4.263414216,4.240587183,1.958409335,2.683513621,2.519473916
1.010954001,5.716467122,1.716513235,2.513477522,2.586256461
4.429617106,3.440268489,1.980507975,1.47586065,0.8999884425
1.134342301,8.081166046,1.574556649,2.707830416,2.731420221
3.918621786,3.614375207,1.983334707,3.494468974,3.488672698
1.702622482,5.765641959,1.837047032,2.509853726,2.554224254
4.452715689,9.114658418,1.778248226,3.833997933,3.804504526
3.165844881,6.306102357,1.888489887,1.923688382,1.860363385
2.198847562,9.388353535,1.631491517,1.575301089,1.566494958
2.690748885,8.361419824,1.356364546,3.995599378,3.985491013
1.113278685,9.407267721,1.52828244,3.674912519,3.715325954
1.497133106,3.891821063,1.226500396,2.717482773,2.733033325
3.682497659,3.514940337,1.777544124,1.547069139,1.183265782
3.588758046,3.492283775,1.170078502,3.654734957,3.515326128
3.461540446,9.08198006,1.577197949,3.999823,3.972866066
2.534710217,7.438489855,1.53589893,1.655770613,1.613993616
4.988839743,6.476001857,1.671902803,3.757206948,3.691062689
4.923341355,4.144803913,1.760486599,2.422548346,2.094561978
3.742167938,7.716134064,1.109827886,4.66047446,4.62280783
3.601837105,5.226121715,1.624940962,4.00615875,3.995842902
3.753786922,7.976159043,1.413955882,2.094924681,2.038978085
2.555685696,6.222487302,1.614201436,4.752105279,4.81060284
1.54038602,6.552289024,1.693984543,1.100931024,1.059189905
3.885953361,8.527660127,1.585479586,1.739296058,1.681066902
3.10141729,3.649218329,1.732886077,1.967611885,1.779842181
2.240967502,7.051309523,1.520025257,3.928320333,3.953162376
2.943341435,4.380644631,1.462867809,3.104672122,3.043807852
4.557951337,8.656957263,1.286768865,2.857501632,2.826157886
4.736174064,6.421922253,1.22915167,1.890133355,1.76967276
2.431180787,9.920867334,1.695302106,4.025868441,4.034156261
3.286119323,4.280603273,1.695711353,1.468425632,1.288061783
2.287477564,9.741133981,1.195482513,1.989364882,1.958877177
3.377200121,8.606419256,1.971837417,4.225441278,4.254690065
2.351644902,6.368823476,1.67115078,2.804189858,2.803844587
2.566476002,8.694738449,1.531216123,4.507270946,4.51226749
4.561097408,7.219942337,1.841175352,3.406656417,3.364283412
1.908630374,7.585847448,1.486520433,4.158178588,4.205217326
3.492748579,9.395835339,1.47594487,1.749613092,1.723110445
1.336061374,3.456892915,1.2582744,2.264887471,2.28660634
4.330576591,8.844917428,1.156135481,2.506824207,2.461970495
4.14839323,5.67270346,1.711620579,2.976796824,2.896793938
1.957477772,5.278819313,1.844110968,2.889868098,2.922833224
4.505936923,9.958187398,1.677798778,4.28986463,4.276244339
1.234272139,8.468333515,1.368821517,1.692762128,1.668381307
2.344468242,6.398745971,1.575722091,4.405943659,4.446821372
1.601117868,5.958398775,1.563412474,4.556185177,4.661678388
2.801357467,9.142702341,1.936566083,1.302076142,1.278656908
4.185297081,3.607704106,1.387674212,1.037561478,0.6433675663
1.922568836,7.958931298,1.164782652,2.171011891,2.170388597
1.208085204,8.524082366,1.876932893,2.602979071,2.631557773
2.618207359,8.594374658,1.894728497,4.881797627,4.927450706
1.794052178,5.256007073,1.048265595,1.285634388,1.242492631
1.363012182,8.576474279,1.198224031,4.125221061,4.159776393
3.321329544,4.577299093,1.636283654,2.901699814,2.823324927
2.194784531,5.536155653,1.788845156,1.519494099,1.46283639
3.687979512,5.922136785,1.606692507,2.464321235,2.39248094
1.798061776,6.789869885,1.191589196,2.523605628,2.522921257
4.768452442,3.788295659,1.117641575,1.974290001,1.667718379
2.460440673,5.848634604,1.505972634,2.17745503,2.14069908
1.421981118,3.002104831,1.815510407,2.679675325,2.995493023
3.516432606,8.210665084,1.217067181,4.84904558,4.844071018
4.708618212,8.963131386,1.075132695,2.835442276,2.785252206
2.761508619,3.972521754,1.551044996,4.800540048,4.947178492
4.818361975,7.926500385,1.191817148,1.122128286,1.053597079
2.999583255,8.747721619,1.06742372,1.264441034,1.22795623
2.700914499,9.87279826,1.773264598,1.111263625,1.077484034
3.480853808,8.906533937,1.821226606,3.663778553,3.676062789
4.980386021,5.968745398,1.398335551,1.880930764,1.722925719
4.7957747,9.85782096,1.29407636,3.305680725,3.274916407
2.840180557,9.817890834,1.277120889,4.181464542,4.168391809
4.030915381,6.525738854,1.360971426,2.327255675,2.263627717
2.989690782,8.27412577,1.576907643,1.982709971,1.947237004
3.117248641,9.396863674,1.527820078,3.901634349,3.909247908
4.143142803,6.333029504,1.355349181,2.903591173,2.824370655
2.658623397,9.046503688,1.637420979,1.596840584,1.583750328
3.937934287,7.910979962,1.675767442,1.34978047,1.286270621
3.844571512,5.057469792,1.558278948,3.948670005,3.902018995
4.728238746,8.37356589,1.387294915,4.44164934,4.414757007
1.459730533,6.994793501,1.623902782,4.561448313,4.654060458
3.916060468,3.656916074,1.591902783,3.04035603,2.859182849
4.709695714,5.739662984,1.340323857,1.613818265,1.450952675
4.87170476,3.516187094,1.303201013,1.902629649,1.493758444
1.05882522,6.333168743,1.545748879,2.814095556,2.853594157
4.454560361,5.999777257,1.612341739,4.407429494,4.354762805
4.92478016,5.966162101,1.610798439,3.600789675,3.511900313
4.828840718,7.104102475,1.382838009,2.096827828,2.002442336
1.595056049,3.858834621,1.565773907,4.023754566,4.211120243
4.890515255,9.53638237,1.985769635,2.741760701,2.705274704
4.559742223,7.788353137,1.428024519,4.931055781,4.920690805
4.28949531,8.766469509,1.843014715,2.71490855,2.682960792
2.919951695,9.277608626,1.081323691,4.348785396,4.340085741
1.929491679,7.083240328,1.875228254,1.058166525,1.03926197
4.207522315,3.281527546,1.941706156,3.87288506,3.87974727
4.694120639,7.980407769,1.261864016,2.593913771,2.541507258
2.064521089,6.98318098,1.012101416,2.996037232,2.991094661
3.15573763,8.781700555,1.483008413,1.795303201,1.768985144
2.771011316,6.725123314,1.182712258,4.718046055,4.723293574
4.724069264,8.692708668,1.971631254,1.798580054,1.725479902
1.162042845,9.979072052,1.897698435,3.246346816,3.296234102
3.928024783,5.45388368,1.960664886,3.389382494,3.351881218
3.457492988,4.19715008,1.603869658,4.433773709,4.470458708
1.11346146,5.741723596,1.515160367,2.866666159,2.938924629
3.876879091,8.271349929,1.832717849,4.319565125,4.317086762
1.063966918,6.074602523,1.652348966,3.095586257,3.15911095
4.031804009,7.118660766,1.248557676,4.825338638,4.799779198
3.051034893,3.891509303,1.934286038,3.866431335,3.995704823
4.716416883,8.082864577,1.43969945,4.648421044,4.632720322
1.264329987,4.960576813,1.773556228,4.769442129,5.022419245
4.365269118,4.334322923,1.500937957,4.208984625,4.101439151
1.266760035,9.04064999,1.183356243,1.489470186,1.489387854
2.377239915,6.950889748,1.295926847,1.497714393,1.460155307
2.721194928,6.391492596,1.574410769,3.464967001,3.458599265
4.864248323,9.291766357,1.143002084,2.084826731,2.019347871
3.248927369,3.602087052,1.013737859,2.540609297,2.384330806
2.035458373,7.873081152,1.433891224,1.695312706,1.679873657
1.966702856,5.295876028,1.762197172,4.048686652,4.154739401
4.552473283,4.22786825,1.614157274,4.417990815,4.333984446
1.903477714,7.72359055,1.324146376,1.531218508,1.508014014
1.498218823,5.539753656,1.717240939,3.067339747,3.150975757
2.153323028,5.309270827,1.484514633,2.58005172,2.581583429
3.344492259,9.605744357,1.999501352,4.160061272,4.17906642
3.216362009,4.395088385,1.776031652,2.859969201,2.793284707
4.238843104,6.585215605,1.830631441,3.923236197,3.904376734
3.241903808,3.168092405,1.259548906,3.264415506,3.132847101
2.153684858,4.143576638,1.152294963,4.912992456,4.968808728
2.651585371,9.183931135,1.199303909,2.678532304,2.667368802
4.272483884,8.524732838,1.432264964,4.950683479,4.945157844
3.50602585,6.89784843,1.51214912,2.661754333,2.601474795
4.836310571,4.557173772,1.194609348,1.730674606,1.517151502
2.477617644,6.904233078,1.779944771,4.128324242,4.176575372
3.210446042,3.085025683,1.868431154,2.086876009,1.830457279
3.375696806,7.990955417,1.316004986,3.263018923,3.223996758
4.393164833,8.017254764,1.508064197,3.58406032,3.546311031
1.581894153,7.522315165,1.594374603,1.798709033,1.798392061
2.626041347,7.27937079,1.722378174,1.137627743,1.063293866
4.639835847,3.516015028,1.147472454,4.948133374,4.784562318
1.172267554,4.724841783,1.280871061,4.269560572,4.339285393
4.290825121,7.020646337,1.730705996,1.49482102,1.388398668
2.661536149,5.759307362,1.568192314,4.39187772,4.436878458
4.319215941,9.9441626,1.899945793,2.032520807,1.988623726
1.039818243,9.466217502,1.447858362,1.989138962,1.993285688
2.460184631,4.064055318,1.406612845,4.090465402,4.142897534
1.314520149,7.129724149,1.306507218,4.029448049,4.079739773
3.610458305,7.873505743,1.231372573,4.383829376,4.377424126
2.095396394,3.9558039,1.650766335,1.546608032,1.47043435
3.810608283,5.18816953,1.264686002,3.990344701,3.913594108
4.775205708,8.011424928,1.862275521,2.879295497,2.810976722
1.507268409,9.307756654,1.270648396,2.303533633,2.311054567
4.459113182,5.392198551,1.673359631,3.93721151,3.838399585
1.237856606,4.672605982,1.568184142,4.380572324,4.548440369
2.523082033,8.752544019,1.628458798,2.28984303,2.276701815
2.719096245,7.094878762,1.895416776,1.619246227,1.566267951
2.955398187,6.336118952,1.169988451,4.966738873,4.973716287
4.905849288,4.79305015,1.149815546,4.676759957,4.574631097
4.102764752,3.508608441,1.121902221,2.159364599,1.883058607
2.235429451,3.125239946,1.076439021,4.257657232,4.279626762
2.079347142,7.059791264,1.534231024,1.358772889,1.33601327
4.452480817,4.337771914,1.165731152,4.65018363,4.516301924
4.525228691,9.828730849,1.80716793,4.098608941,4.079363369
3.042826022,3.752340599,1.022610531,1.787452459,1.622194566
2.377182924,6.164621518,1.374606972,2.182748988,2.149369512
4.979669393,5.762618579,1.473203971,3.382219419,3.26515041
2.263774181,4.626180327,1.216528301,2.423030657,2.37635562
1.730849516,8.241290075,1.35590622,3.944935264,3.978456486
4.520392485,7.505933335,1.222791436,3.369451477,3.325127797
4.249341592,8.080303795,1.281828106,1.82811461,1.77150579
3.671557622,3.579660031,1.926871061,3.44043804,3.434852854
4.833654527,5.46920391,1.417175366,1.056236341,0.8456401728
4.702858309,6.63883152,1.385864941,1.446991261,1.330789477
3.992994013,5.987048006,1.611174452,1.644831268,1.511969912
4.442805638,3.284322933,1.664141857,2.414710848,1.994297723
1.988586961,4.358192184,1.660276545,1.047638953,0.9431776739
1.564986228,9.615172538,1.084758967,4.719630095,4.732029364
3.680247397,4.137988073,1.581902579,1.958035822,1.747200874
3.858474147,8.964366327,1.7359236,2.082554202,2.034648621
1.668211715,8.754960113,1.795568366,2.502569303,2.521101202
2.582229092,5.7390563,1.588534252,4.762954863,4.850980806
4.641023065,6.267484639,1.130573058,2.407277317,2.303977812
3.24560307,8.768012654,1.083740324,2.724531425,2.706010434
3.31334366,7.764804279,1.323053693,2.19402909,2.165621733
1.776519092,8.858606155,1.927558809,4.90498014,4.975338652
3.104088994,8.303176101,1.472617529,2.459428899,2.418194967
3.09373891,7.838900356,1.895473907,1.334149684,1.279051893
1.355742561,9.390818742,1.459674953,3.631929577,3.649977964
4.927770773,8.759649932,1.755118107,3.866419683,3.848308991
3.285582402,4.253438813,1.485127176,2.488964097,2.366742773
1.025635531,8.237569926,1.708702261,1.845540622,1.863271716
4.090596805,3.606769262,1.317179277,2.637005805,2.399475499
4.913062855,5.980993682,1.889865264,2.756272842,2.61457242
3.359480113,5.77726321,1.265708069,4.981199214,4.962740082
