theta,f
2.273923375,0.03061261135
1.539573428,0.1216041914
1.081947048,0.2207259935
1.033055271,0.2339707713
2.626540478,0.01304762857
2.825511155,0.007002420846
2.213271552,0.03424164069
2.458993122,0.01890868807
2.087249983,0.04550593795
2.870144848,0.00567251908
2.631707108,0.01353051924
1.005477,0.2410487213
2.714808553,0.01010309605
1.067171151,0.2256566911
2.459310893,0.02058449372
1.351311241,0.1604312704
2.726357845,0.009264012703
2.08292244,0.04568399524
1.599423781,0.1115049774
1.845374442,0.07204540929
1.056639342,0.228893643
1.248566553,0.182822329
2.341248829,0.02598389635
2.294379023,0.02880221827
2.230770223,0.03187355816
1.767355109,0.08331081086
2.994419872,0.004970367974
2.961670678,0.003551416051
2.371083969,0.0230432485
2.300918553,0.02863370805
2.376893461,0.02337738216
1.777842848,0.0821642196
1.27019301,0.1770258068
2.44297668,0.02001236826
2.050708645,0.0488773445
1.620483751,0.1073465744
1.971670718,0.05641447394
2.778975669,0.009317626132
2.868087032,0.005805369001
1.715590393,0.09102994195
2.143059661,0.0413213338
1.643738782,0.1023474683
2.18860006,0.0367347847
1.675822451,0.09786266368
1.783238001,0.08054705325
2.780548704,0.008813385872
1.454315187,0.1394488578
2.246374289,0.03262530343
1.168030687,0.2020276986
2.665288295,0.01132045919
2.574196615,0.01486892991
1.478738886,0.1323244927
2.752968462,0.00910826746
1.11713607,0.2123949256
1.672234121,0.0982023752
1.300558934,0.172016939
1.900678733,0.0662823535
2.592648541,0.01400621891
1.461284418,0.1378350836
1.104042602,0.2165939886
1.80910368,0.07715543637
1.397026089,0.1503498244
1.181506091,0.199458795
2.160664772,0.03830166047
1.597392266,0.1109470271
2.343989756,0.02602787527
1.399030888,0.1503274274
2.884226221,0.005648413976
1.730220336,0.08926104822
1.210990559,0.191071055
2.258216303,0.031454644
2.854309106,0.006356737016
1.880754309,0.06967023334
2.909180987,0.006444457501
1.999791627,0.05378691401
1.85045725,0.07187433303
2.240426904,0.03330288719
2.99019301,0.003929826214
2.89788735,0.006271726852
1.920090279,0.06250080716
2.515457691,0.0177900552
1.994845391,0.05441176829
2.05862432,0.04850398945
2.571571401,0.0143388738
1.829311699,0.07569520468
2.468967144,0.01970095433
2.422285756,0.02108274348
2.864119373,0.006938208238
1.229865267,0.1881079114
2.458030234,0.01944161962
2.854847857,0.006090184427
2.93585238,0.005250615205
1.02941261,0.2344917222
2.72728018,0.008862215268
2.96239008,0.005174966516
2.914420359,0.005685508162
1.297528024,0.17145847
2.945257628,0.005877156196
2.779871111,0.009184790589
2.644747655,0.01273903967
1.959975848,0.05834906983
1.464745839,0.1374509229
2.603761157,0.01443374871
2.84706032,0.007445003091
1.532260545,0.1237114515
2.077868815,0.04659995503
1.885505658,0.06768575309
2.862034632,0.006954473449
1.081021422,0.2231203749
2.464012391,0.01899759207
2.228746494,0.03406407256
1.05673073,0.2294335701
2.438439546,0.02004776708
1.031983459,0.2337479951
2.515902005,0.01680559986
2.025517447,0.05063824016
2.858208442,0.007560312245
1.132164993,0.2109348618
2.682634559,0.01013194155
1.133380018,0.2102044933
1.688619958,0.09591616858
1.860597464,0.07017190636
2.932124162,0.004446234652
2.124463684,0.0418414996
1.517729186,0.1263114349
1.483351428,0.13232909
2.776236641,0.008380792653
1.451738857,0.1388832416
1.249109412,0.1836115483
1.576661514,0.1158435001
2.17224613,0.03768997489
2.108181004,0.04264186208
2.619421552,0.01329072575
2.120951904,0.04317366565
1.576842429,0.1153442278
1.825792685,0.07556309635
2.636241942,0.01285409665
2.253012925,0.03079285832
2.918155285,0.006355045883
1.738808822,0.08795287487
2.105223021,0.04349951143
2.187848403,0.03562889081
2.696582417,0.01063858203
1.290947076,0.1735947694
1.813020673,0.07595323651
2.819917923,0.007804018761
1.086133777,0.2196191132
2.64541256,0.01214248647
1.830768075,0.07485630861
2.659607971,0.01175951947
1.019909122,0.2370046632
1.730092316,0.08968820391
1.157260074,0.2051166277
2.305229153,0.02867020962
1.547698197,0.1211321632
2.405304141,0.02115388695
2.887602854,0.005760486093
1.253634205,0.1822949794
2.729556591,0.00765492875
1.118928303,0.2128855037
1.761541017,0.08459096911
1.859548122,0.07034044958
1.977699094,0.0568934159
2.952924644,0.005694427106
2.551382376,0.01531655912
1.617714725,0.1082098414
1.539673571,0.1225008473
2.726240408,0.008227061494
2.762614345,0.008534865632
2.021413011,0.05136904383
1.688591462,0.0957935076
2.989834696,0.004285293152
1.631887091,0.1052505716
1.365424758,0.1578866942
2.760196243,0.009400601936
2.624670796,0.01299657963
2.335778811,0.02652210335
2.916827264,0.005029990107
2.851429154,0.006986646713
2.496497007,0.01712250017
2.721402819,0.009153768312
1.494293481,0.1305169254
1.282493114,0.1753192747
2.340123699,0.02558310868
2.429237073,0.02068392386
1.334105858,0.1640829556
1.791114546,0.08163118417
2.820511532,0.007022005932
2.122801535,0.04230081517
2.15667183,0.03974061634
1.388259546,0.1518837685
2.052044497,0.04779420529
2.046869455,0.04925019663
1.17787128,0.1991319588
2.963885386,0.005931310028
2.142791201,0.04007459526
1.012817765,0.2390518269
2.545298402,0.01632639715
2.956531428,0.004045640901
2.179740057,0.0363823682
