sigma,theta,theta1,f
2.273923375,1.639363273,1.404336188,0.1749854821
1.539573428,1.375015431,2.875810217,0.1608153233
1.081947048,2.345053268,1.189553357,0.2071832518
1.033055271,1.390214797,1.00979883,0.3608576687
2.626540478,2.155375785,1.645841607,0.1493862071
2.825511155,2.204478353,2.981489436,0.1356338009
2.213271552,2.924846186,1.529390257,0.1475757033
2.458993122,1.144530531,2.661388531,0.1336949041
2.087249983,1.999945647,1.346227274,0.1822763907
2.870144848,2.488194959,2.17275671,0.1374452252
2.631707108,1.354453481,2.91681867,0.1280005591
1.005477,1.776133464,2.433026469,0.3208736022
2.714808553,1.125790997,2.96101595,0.1170137214
1.067171151,2.451761728,2.149113298,0.359022345
2.459310893,1.175535774,2.966669413,0.1254753746
1.351311241,1.790183417,2.674094063,0.2386573739
2.726357845,2.747045262,2.556496452,0.1455871222
2.08292244,1.944600674,2.776979774,0.1769199553
1.599423781,2.825243867,2.262983035,0.2349055975
1.845374442,2.531834235,1.712729093,0.195344458
1.056639342,2.83064792,2.05656488,0.2892355659
1.248566553,1.254806018,1.453000791,0.3153847337
2.341248829,1.147125811,2.555088248,0.142423245
2.294379023,1.140652507,1.340157003,0.1733158737
2.230770223,2.737708589,2.154395898,0.1717176196
1.767355109,2.268139959,2.071797859,0.2240127222
2.994419872,1.993143388,2.343805607,0.1327248767
2.961670678,1.327086832,2.520973197,0.1229475948
2.371083969,2.347466875,1.219655772,0.149423367
2.300918553,1.636034776,2.249881923,0.1676436222
2.376893461,2.421759727,1.827911765,0.1624319572
1.777842848,1.920710658,2.228402871,0.2210802828
1.27019301,2.014939721,2.387969086,0.2999165304
2.44297668,2.579331465,2.170959172,0.1608879884
2.050708645,1.185490951,2.465772154,0.1602289816
1.620483751,2.157517007,2.040050514,0.2455628127
1.971670718,1.394469895,1.925735618,0.1945090611
2.778975669,2.616273504,1.573537731,0.1346092954
2.868087032,1.977692072,1.45830334,0.1362024824
1.715590393,2.977390667,2.390604212,0.2188469657
2.143059661,1.365886649,2.391422706,0.1670485252
1.643738782,2.92603828,1.390965026,0.1560677014
2.18860006,2.601834073,2.943674833,0.1803891062
1.675822451,1.962520993,2.342301561,0.2319312066
1.783238001,2.627068128,2.062432246,0.2120692775
2.780548704,2.20569781,2.682350703,0.1417836881
1.454315187,2.310242128,1.973040867,0.2678206575
2.246374289,2.827381525,1.95188974,0.1651544704
1.168030687,1.130540833,1.5165488,0.3237072541
2.665288295,2.669976408,1.312270963,0.1313643723
2.574196615,1.76362956,2.423241158,0.1502775959
1.478738886,1.651091232,2.688221936,0.2097683186
2.752968462,2.988053542,2.355597556,0.1412171079
1.11713607,2.562381004,1.737643033,0.2707362461
1.672234121,1.971070278,2.151444182,0.2368738043
1.300558934,1.845256793,2.126824947,0.3003193092
1.900678733,2.755057812,2.873132167,0.2101487107
2.592648541,1.173629744,1.775348424,0.1499271984
1.461284418,2.416837514,1.329565304,0.2075877671
1.104042602,2.578309247,2.753865787,0.3565531065
1.80910368,2.598392759,2.789456994,0.2188471169
1.397026089,1.644573449,1.09653119,0.2644147629
1.181506091,2.593278365,1.396448062,0.2029746642
2.160664772,1.450656884,2.272567307,0.171445084
1.597392266,1.724615901,2.577690311,0.2161714584
2.343989756,1.834896224,2.213385013,0.1683894169
1.399030888,2.082819967,1.383178392,0.2519860149
2.884226221,1.225227331,1.235283151,0.1378074636
1.730220336,1.813895601,2.011945268,0.2290346237
1.210990559,1.00060138,2.631020813,0.1326023907
2.258216303,2.488761453,1.434134362,0.1586711478
2.854309106,2.703751824,1.15026539,0.1201485278
1.880754309,1.277863358,2.102089992,0.1941198356
2.909180987,2.407571539,1.383634296,0.1294645877
1.999791627,2.642206177,1.134847441,0.1499608537
1.85045725,2.963656646,2.546529196,0.2100690601
2.240426904,2.687581125,2.642453212,0.178795321
2.99019301,1.848212971,1.796671102,0.1328409845
2.89788735,2.959377417,1.58815272,0.1233340247
1.920090279,2.94796881,1.554241779,0.1590877889
2.515457691,2.007353958,1.721942852,0.1583927015
1.994845391,2.506893077,2.153815286,0.1967574764
2.05862432,2.827675335,2.055640156,0.1811299431
2.571571401,1.952294144,1.710698362,0.1542067516
1.829311699,2.727572482,2.274841958,0.2122377429
2.468967144,2.403137132,2.351534884,0.1622206455
2.422285756,1.587848512,2.116557896,0.1606968579
2.864119373,2.53530454,1.77458983,0.1347579597
1.229865267,2.141369572,2.247805564,0.3239042955
2.458030234,1.187690307,2.183805566,0.1494993759
2.854847857,1.782760853,1.680647715,0.1390491706
2.93585238,1.147482027,1.606402025,0.1341392461
1.02941261,1.952333926,2.091497758,0.3836991778
2.72728018,1.857079216,2.224683478,0.144240848
2.96239008,1.847474886,2.221596878,0.1337899314
2.914420359,2.172600707,1.765676018,0.135537973
1.297528024,1.24538132,2.131547814,0.2430999793
2.945257628,2.86753782,2.97153927,0.1359486464
2.779871111,2.368100896,1.856049038,0.1418091397
2.644747655,2.647562717,2.686029429,0.1514060607
1.959975848,2.793602465,1.162647383,0.1438955456
1.464745839,2.166640094,2.750456507,0.2524288818
2.603761157,1.080436442,2.883412311,0.1214182647
2.84706032,2.422973648,1.523728032,0.1337573688
1.532260545,2.138051709,1.024202831,0.2002380753
2.077868815,2.651914444,1.966016827,0.1822848068
1.885505658,2.064320947,1.365424515,0.197751261
2.862034632,2.626488191,2.943262509,0.1388152436
1.081021422,2.994020586,2.79539687,0.3634897532
2.464012391,1.701109623,2.921329772,0.1430757412
2.228746494,1.34204288,2.207739315,0.1666738832
1.05673073,1.783349599,2.030320734,0.3683848969
2.438439546,2.50609998,2.665435699,0.1629426161
1.031983459,1.878457864,2.304697931,0.35454496
2.515902005,2.176760219,1.497115353,0.1528539792
2.025517447,1.254716944,2.868572077,0.1428214519
2.858208442,2.452247022,1.8793989,0.1375448549
1.132164993,1.560164804,2.547112457,0.2416529915
2.682634559,1.381235121,2.001875914,0.1440950471
1.133380018,2.725899997,1.366712486,0.1717746714
1.688619958,2.128825642,1.591853694,0.2246370158
1.860597464,1.968997885,2.148821538,0.2129875169
2.932124162,2.79764753,1.286004169,0.1182735496
2.124463684,1.172024872,1.027475717,0.1874147355
1.517729186,2.392308901,1.867782449,0.2478031582
1.483351428,1.65596458,2.524394344,0.2261981809
2.776236641,1.3508195,2.228314547,0.1366299265
1.451738857,2.3495973,1.648292752,0.2443664375
1.249109412,1.725643902,2.434481879,0.2725487709
1.576661514,1.659791665,1.969029266,0.2488528626
2.17224613,2.88735553,2.999002705,0.1834086827
2.108181004,1.398596681,2.552063305,0.1624100782
2.619421552,2.024347316,2.661262883,0.1481977419
2.120951904,1.048026401,1.519097812,0.1844713564
1.576842429,1.326736182,1.304589926,0.2532101949
1.825792685,2.766837467,1.398607818,0.1652032928
2.636241942,2.578495097,1.864529929,0.1463197274
2.253012925,2.11367098,2.024298239,0.176289198
2.918155285,1.444906792,1.389218695,0.1373070706
1.738808822,2.115495165,2.559889542,0.2220399947
2.105223021,1.024293052,2.736862309,0.1361138732
2.187848403,2.425987262,1.632009972,0.1700188867
2.696582417,2.433501361,2.016128394,0.1462883388
1.290947076,2.292090047,2.188749205,0.3082215337
1.813020673,2.222677369,2.444756348,0.2173796836
2.819917923,1.147432865,1.294944909,0.141559688
1.086133777,1.492811938,1.561742123,0.3651978218
2.64541256,2.148756096,2.461411992,0.1498299857
1.830768075,1.788373532,2.136384629,0.214179209
2.659607971,2.984046457,2.799891587,0.1497704187
1.019909122,2.847490715,1.895716724,0.2529418132
1.730092316,1.304015805,1.81322569,0.2211400084
1.157260074,2.179921185,1.613014435,0.3065397757
2.305229153,2.392430212,1.462745145,0.1601412816
1.547698197,1.273086829,2.30153267,0.2073089153
2.405304141,1.625191294,1.529372004,0.1648885495
2.887602854,2.431835694,2.724551041,0.1370898085
1.253634205,2.802216187,1.541296791,0.1923102631
2.729556591,1.6834853,2.346719262,0.140183929
1.118928303,1.477887423,2.136368284,0.2994650589
1.761541017,2.643584005,2.256917596,0.2211215189
1.859548122,2.16996536,2.790833551,0.2025035374
1.977699094,1.953176843,1.339976903,0.1926515455
2.952924644,1.512300043,1.299631092,0.1352734598
2.551382376,1.145316697,1.243804443,0.1561779722
1.617714725,1.035782842,1.152878042,0.2463191218
1.539673571,2.159940361,2.068462047,0.2591442965
2.726240408,1.382220547,1.331462304,0.1450129458
2.762614345,2.951065957,2.61433586,0.1431213363
2.021413011,1.214954457,1.045221061,0.1963596042
1.688591462,1.904177577,1.749213943,0.2351847034
2.989834696,1.789319594,1.946407943,0.1330001809
1.631887091,1.464622951,1.433056601,0.2443338349
1.365424758,2.49751145,1.711812439,0.2483204774
2.760196243,2.287409524,1.445582871,0.1384560003
2.624670796,2.45151537,1.563656213,0.1437739278
2.335778811,1.165617152,2.853742121,0.1319335098
2.916827264,1.705486831,1.834350733,0.1360795687
2.851429154,2.039666149,1.771729883,0.1394176533
2.496497007,1.853442287,2.222348905,0.1575746429
2.721402819,1.081235124,2.328283713,0.131387576
1.494293481,1.38805491,2.32055309,0.2196430512
1.282493114,2.890049297,1.169517934,0.1265144021
2.340123699,1.32513945,2.163805158,0.1596769296
2.429237073,2.704104665,2.4718472,0.1633149607
1.334105858,2.644274318,2.591136732,0.299008374
1.791114546,1.782587514,2.177068504,0.2186346424
2.820511532,1.93356704,1.261146116,0.1370855558
2.122801535,2.648003615,1.167480648,0.1476959801
2.15667183,2.361372651,1.646107386,0.1757437497
1.388259546,2.673887473,2.855117619,0.2846545449
2.052044497,2.515193172,1.945235058,0.1863598685
2.046869455,2.382542959,2.790947814,0.1911888734
1.17787128,2.825948212,1.919349907,0.2516629739
2.963885386,2.645614266,2.510236213,0.1353338162
2.142791201,1.358125375,1.970254351,0.1786541485
1.012817765,2.49644855,2.417404523,0.3928557099
2.545298402,1.173362646,1.634358553,0.1547930349
2.956531428,1.851712481,2.779730527,0.1275738386
2.179740057,1.793503774,1.531416137,0.1810894218
