Y,sigma,mu_S
3.547846749,2.278726545,0.5427563439
2.079146855,1.750030863,0.3769093916
1.163894096,3.690106536,0.1194835831
1.066110542,1.780429594,0.1917029102
4.253080957,3.31075157,0.4944912616
4.651022309,3.408956706,0.526302229
3.426543103,4.849692372,0.2922237161
3.917986244,1.289061062,0.8542456333
3.174499966,2.999891295,0.3978702698
4.740289695,3.976389917,0.4737097756
4.263414216,1.708906962,0.7901648877
1.010954001,2.552266927,0.1435670284
4.429617106,1.251581994,0.9839565309
1.134342301,3.903523455,0.1153996054
3.918621786,1.351071547,0.8371340191
1.702622482,2.580366833,0.2388168333
4.452715689,4.494090524,0.4038492286
3.165844881,2.889201347,0.4073227188
2.198847562,4.650487735,0.1960890105
2.690748885,4.063668471,0.2636823113
1.113278685,4.66129584,0.1002559296
1.497133106,1.509612036,0.2977943652
3.682497659,1.294251621,0.8033130452
3.588758046,1.281305014,0.7868952382
3.461540446,4.475417177,0.3121194499
2.534710217,3.536279917,0.2782075373
4.988839743,2.986286775,0.6272108299
4.923341355,1.654173665,0.9230094157
3.742167938,3.694933751,0.3955387916
3.601837105,2.272069551,0.5515454155
3.753786922,3.843519453,0.3865996904
2.555685696,2.841421315,0.3327172142
1.54038602,3.029879442,0.187862969
3.885953361,4.15866293,0.3761118946
3.10141729,1.370981902,0.6545283059
2.240967502,3.315034013,0.2597473716
2.943341435,1.788939789,0.5254735415
4.557951337,4.232547007,0.4384487512
4.736174064,2.955384145,0.5964288437
2.431180787,4.954781333,0.2024106877
3.286119323,1.731773299,0.6051716205
2.287477564,4.85207656,0.1923633081
3.377200121,4.203668146,0.3256407076
2.351644902,2.925041986,0.2992421534
2.566476002,4.254136257,0.2416827877
4.561097408,3.411395621,0.5184051702
1.908630374,3.620484256,0.209340747
3.492748579,4.654763051,0.3108035591
1.336061374,1.261081666,0.2965509259
4.330576591,4.339952816,0.4051182916
4.14839323,2.52725912,0.5891445245
1.957477772,2.302182464,0.2921084131
4.505936923,4.976107085,0.3772752721
1.234272139,4.124762008,0.1161459063
2.344468242,2.942140555,0.2962435093
1.601117868,2.690513586,0.2193574329
2.801357467,4.510115623,0.2565668801
4.185297081,1.347259489,0.8920370572
1.922568836,3.833675028,0.2010016832
1.208085204,4.156618495,0.1162265701
2.618207359,4.196785519,0.2503055413
1.794052178,2.289146899,0.2727177883
1.363012182,4.186556731,0.1343873287
3.321329544,1.901313768,0.5712825511
2.194784531,2.449231802,0.3167786544
3.687979512,2.669792449,0.5038995877
1.798061776,3.165639935,0.2170701102
4.768452442,1.450454662,0.9711401908
2.460440673,2.627791203,0.3389918287
1.421981118,1.00120276,0.3535205399
3.516432606,3.977522905,0.3541678515
4.708618212,4.407503649,0.4340174047
2.761508619,1.555726716,0.5453712083
4.818361975,3.815143077,0.5023768158
2.999583255,4.284412354,0.2831007577
2.700914499,4.927313291,0.2274281647
3.480853808,4.375162249,0.326542031
4.980386021,2.696425942,0.6716787741
4.7957747,4.918754834,0.4060238479
2.840180557,4.895937619,0.2388283684
4.030915381,3.014707917,0.5049418087
2.989690782,4.013786154,0.2977125396
3.117248641,4.655350671,0.2773931013
4.143142803,2.904588288,0.5296655228
2.658623397,4.455144964,0.2463092246
3.937934287,3.806274264,0.4120839207
3.844571512,2.175697024,0.6048699189
4.728238746,4.07060908,0.4673015991
1.459730533,3.282739143,0.1730702832
3.916060468,1.375380614,0.8242744702
4.709695714,2.565521705,0.6582823381
4.87170476,1.294964054,1.061041696
1.05882522,2.904667853,0.1344380185
4.454560361,2.714158433,0.597105741
4.92478016,2.694949772,0.6671047424
4.828840718,3.345201414,0.5555808306
1.595056049,1.490762641,0.318741859
4.890515255,4.73507564,0.4284541255
4.559742223,3.736201792,0.4839288062
4.28949531,4.295125434,0.4071204851
2.919951695,4.587204929,0.2610089559
1.929491679,3.333280188,0.2257378199
4.207522315,1.160872884,0.9766660745
4.694120639,3.845947296,0.4859548527
2.064521089,3.276103417,0.2425872175
3.15573763,4.303828889,0.299181835
2.771011316,3.128641894,0.3363551618
4.724069264,4.252976381,0.4506450794
1.162042845,4.988041172,0.09927414443
3.928024783,2.402219245,0.5767435057
3.457492988,1.68408576,0.6465206328
1.11346146,2.566699198,0.1597934268
3.876879091,4.012199959,0.3856164288
1.063966918,2.756915727,0.1400696197
4.031804009,3.353520438,0.4629332076
3.051034893,1.509433888,0.605866734
4.716416883,3.904494044,0.4834925734
1.264329987,2.120329607,0.2050036015
4.365269118,1.762470242,0.7876220688
1.266760035,4.451799994,0.1171963459
2.377239915,3.257651284,0.2792863993
2.721194928,2.937995769,0.3439621644
4.864248323,4.595295061,0.4316055678
3.248927369,1.344049744,0.6932456062
2.035458373,3.784617801,0.2133782007
1.966702856,2.311929159,0.2955097083
4.552473283,1.701639,0.8422970911
1.903477714,3.6991946,0.2019150419
1.498218823,2.451287803,0.2194428024
2.153323028,2.31958333,0.3266472094
3.344492259,4.774711061,0.2895695244
3.216362009,1.797193363,0.5730650596
4.238843104,3.048694631,0.5246764541
3.241903808,1.096052803,0.7767763909
2.153684858,1.653472365,0.4066657424
2.651585371,4.533674935,0.240277977
4.272483884,4.156990193,0.415818897
3.50602585,3.22734196,0.4123784278
4.836310571,1.889813584,0.8390179934
2.477617644,3.23099033,0.292714401
3.210446042,1.048586104,0.7835644037
3.375696806,3.851974524,0.3453357479
4.393164833,3.867002722,0.4517027904
1.581894153,3.584180094,0.1731826481
2.626041347,3.445354737,0.2917110692
4.639835847,1.29486573,1.011922581
1.172267554,1.985623876,0.1914052429
4.290825121,3.297512192,0.4994886477
2.661536149,2.576747064,0.3726753886
4.319215941,4.968092914,0.3623228197
1.039818243,4.69498143,0.0908223981
2.460184631,1.60803161,0.4728202322
1.314520149,3.359842371,0.153581194
3.610458305,3.784860424,0.3794278926
2.095396394,1.546173657,0.4136668692
3.810608283,2.250382588,0.5831642902
4.775205708,3.863671388,0.489615891
1.507268409,4.604432374,0.1359668761
4.459113182,2.366970601,0.6560041006
1.237856606,1.955774847,0.2080123945
2.523082033,4.287168011,0.2387438987
2.719096245,3.339930721,0.3118180567
2.955398187,2.906353687,0.3797103664
4.905849288,2.024600086,0.8128683786
4.102764752,1.290633395,0.8953055219
2.235429451,1.071565684,0.5408283364
2.079347142,3.319880722,0.2424418765
4.452480817,1.764441094,0.8006589868
4.525228691,4.902131914,0.3825745285
3.042826022,1.429908914,0.6250276004
2.377182924,2.808355153,0.3118138777
4.979669393,2.578639188,0.6948559982
2.263774181,1.929245901,0.3860956131
1.730849516,3.9950229,0.1758627334
4.520392485,3.574819048,0.4958118105
4.249341592,3.90303074,0.4341614979
3.671557622,1.331234304,0.7888863595
4.833654527,2.410973663,0.7065346449
4.702858309,3.079332297,0.5768716636
3.992994013,2.706884575,0.5368283916
4.442805638,1.162470247,1.025111542
1.988586961,1.77610982,0.3578081632
1.564986228,4.780098593,0.1354799698
3.680247397,1.650278899,0.693601486
3.858474147,4.40820933,0.3561438634
1.668211715,4.288548636,0.1584806881
2.582229092,2.565175028,0.3665909815
4.641023065,2.867134079,0.5986422888
3.24560307,4.296007231,0.307630952
3.31334366,3.722745302,0.3531626481
1.776519092,4.347774946,0.1651082353
3.104088994,4.030386343,0.3060343827
3.09373891,3.765085918,0.3250801234
1.355742561,4.651896424,0.1192099001
4.927770773,4.291228532,0.4687900214
3.285582402,1.71625075,0.6045107638
1.025635531,3.9928971,0.1032840852
4.090596805,1.346725292,0.8737301038
4.913062855,2.703424961,0.6601679578
3.359480113,2.587007549,0.4660750647
