q,h,m,mom
3.547846749,2.278726545,1.808672376,0.3572897533
2.079146855,1.750030863,4.751620435,0.05990738394
1.163894096,3.690106536,1.379106713,0.2435742328
1.066110542,1.780429594,1.01959766,0.1481325464
4.253080957,3.31075157,2.291683215,0.4900431671
4.651022309,3.408956706,4.962978873,0.253161713
3.426543103,4.849692372,2.058780514,0.6417094804
3.917986244,1.289061062,4.322777062,0.09153106456
3.174499966,2.999891295,1.692454548,0.4487371966
4.740289695,3.976389917,3.345513419,0.4459791071
4.263414216,1.708906962,4.833637341,0.1229438025
1.010954001,2.552266927,3.866052938,0.05428493331
4.429617106,1.251581994,4.922031901,0.08990075661
1.134342301,3.903523455,3.298226596,0.1065878648
3.918621786,1.351071547,4.933338826,0.08888218552
1.702622482,2.580366833,4.348188127,0.08137092921
4.452715689,4.494090524,4.112992904,0.3858927174
3.165844881,2.889201347,4.553959548,0.1601280108
2.198847562,4.650487735,3.525966069,0.232187374
2.690748885,4.063668471,2.425458186,0.3568883537
1.113278685,4.66129584,3.11312976,0.1344358043
1.497133106,1.509612036,1.906001583,0.09391210236
3.682497659,1.294251621,4.110176496,0.09298324247
3.588758046,1.281305014,1.680314006,0.2180809192
3.461540446,4.475417177,3.308791796,0.3689038461
2.534710217,3.536279917,3.143595718,0.2258158652
4.988839743,2.986286775,3.687611214,0.3228471302
4.923341355,1.654173665,4.041946395,0.1562129232
3.742167938,3.694933751,1.439311544,0.7617098312
3.601837105,2.272069551,3.499763847,0.1871462231
3.753786922,3.843519453,2.65582353,0.4314660952
2.555685696,2.841421315,3.456805743,0.1672335523
1.54038602,3.029879442,3.775938173,0.09534771345
3.885953361,4.15866293,3.341918343,0.3843177462
3.10141729,1.370981902,3.931544307,0.08651832189
2.240967502,3.315034013,3.080101029,0.1920043846
2.943341435,1.788939789,2.851471237,0.1449043963
4.557951337,4.232547007,2.147075462,0.7177049979
4.736174064,2.955384145,1.91660668,0.5790640149
2.431180787,4.954781333,3.781208424,0.2519172351
3.286119323,1.731773299,3.782845411,0.1231443016
2.287477564,4.85207656,1.781930052,0.4928133785
3.377200121,4.203668146,4.887349666,0.2322074759
2.351644902,2.925041986,3.684603121,0.1482578391
2.566476002,4.254136257,3.124864493,0.2756809396
4.561097408,3.411395621,4.364701406,0.2850148742
1.908630374,3.620484256,2.946081733,0.1892425667
3.492748579,4.654763051,2.90377948,0.4473677146
1.336061374,1.261081666,2.0330976,0.06696852959
4.330576591,4.339952816,1.624541926,0.9202980525
4.14839323,2.52725912,3.846482316,0.2179126103
1.957477772,2.302182464,4.376443873,0.07798075689
4.505936923,4.976107085,3.711195112,0.4810435641
1.234272139,4.124762008,2.475286067,0.1597171792
2.344468242,2.942140555,3.302888365,0.1651573213
1.601117868,2.690513586,3.253649895,0.1076114437
2.801357467,4.510115623,4.746264334,0.2140210486
4.185297081,1.347259489,2.550696848,0.1763878023
1.922568836,3.833675028,1.659130608,0.3554832971
1.208085204,4.156618495,4.507731573,0.08780410157
2.618207359,4.196785519,4.578913988,0.1894821646
1.794052178,2.289146899,1.19306238,0.2739227106
1.363012182,4.186556731,1.792896123,0.2560386612
3.321329544,1.901313768,3.545134614,0.1407316707
2.194784531,2.449231802,4.155380623,0.1016706573
3.687979512,2.669792449,3.426770027,0.2299647218
1.798061776,3.165639935,1.766356785,0.2575908636
4.768452442,1.450454662,1.470566301,0.3725768503
2.460440673,2.627791203,3.023890536,0.1700390809
1.421981118,1.00120276,4.262041627,0.02495339493
3.516432606,3.977522905,1.868268724,0.5966186024
4.708618212,4.407503649,1.300530779,1.268601017
2.761508619,1.555726716,3.204179983,0.1114249657
4.818361975,3.815143077,1.767268593,0.829636373
2.999583255,4.284412354,1.269694882,0.8047982402
2.700914499,4.927313291,4.093058392,0.2583623204
3.480853808,4.375162249,4.284906424,0.2853766672
4.980386021,2.696425942,2.593342204,0.4102333347
4.7957747,4.918754834,2.176305441,0.863373076
2.840180557,4.895937619,2.108483558,0.5229315398
4.030915381,3.014707917,2.443885703,0.3983962816
2.989690782,4.013786154,3.307630572,0.2883027533
3.117248641,4.655350671,3.111280312,0.3728283626
4.143142803,2.904588288,2.421396725,0.3946767911
2.658623397,4.455144964,3.549683917,0.2679645453
3.937934287,3.806274264,3.703069768,0.3243405874
3.844571512,2.175697024,3.233115792,0.2054721879
4.728238746,4.07060908,2.54917966,0.6018077012
1.459730533,3.282739143,3.495611128,0.11153857
3.916060468,1.375380614,3.367611133,0.1272490676
4.709695714,2.565521705,2.36129543,0.4051961413
4.87170476,1.294964054,2.212804051,0.2265522813
1.05882522,2.904667853,3.182995516,0.07583058012
4.454560361,2.714158433,3.449366956,0.2765530322
4.92478016,2.694949772,3.443193756,0.3073698582
4.828840718,3.345201414,2.531352036,0.5077458204
1.595056049,1.490762641,3.263095629,0.05664566308
4.890515255,4.73507564,4.943078541,0.3747269641
4.559742223,3.736201792,2.712098076,0.5022333073
4.28949531,4.295125434,4.372058858,0.3372629126
2.919951695,4.587204929,1.325294765,0.803993601
1.929491679,3.333280188,4.500913015,0.1165796668
4.207522315,1.160872884,4.766824622,0.08440343893
4.694120639,3.845947296,2.047456063,0.7031686791
2.064521089,3.276103417,1.048405663,0.5144744851
3.15573763,4.303828889,2.932033654,0.3701773469
2.771011316,3.128641894,1.730849031,0.3993020929
4.724069264,4.252976381,4.886525017,0.3281037064
1.162042845,4.988041172,4.59079374,0.1025492997
3.928024783,2.402219245,4.842659544,0.1545670874
3.457492988,1.68408576,3.415478631,0.1379276315
1.11346146,2.566699198,3.060641468,0.07773039727
3.876879091,4.012199959,4.330871398,0.2847684696
1.063966918,2.756915727,3.609395863,0.06325432503
4.031804009,3.353520438,1.994230705,0.5394204527
3.051034893,1.509433888,4.737144153,0.07547089597
4.716416883,3.904494044,2.7587978,0.5336527369
1.264329987,2.120329607,4.094224913,0.05433227689
4.365269118,1.762470242,3.003751828,0.2015318094
1.266760035,4.451799994,1.733424972,0.2598315166
2.377239915,3.257651284,2.183707388,0.2823157447
2.721194928,2.937995769,3.297643075,0.1915020401
4.864248323,4.595295061,1.572008337,1.128688886
3.248927369,1.344049744,1.054951434,0.3296044302
2.035458373,3.784617801,2.735564897,0.2247118017
1.966702856,2.311929159,4.048788687,0.08807041457
4.552473283,1.701639,3.456629095,0.1781175472
1.903477714,3.6991946,2.296585503,0.2434137704
1.498218823,2.451287803,3.868963757,0.07774880152
2.153323028,2.31958333,2.938058532,0.1374218424
3.344492259,4.774711061,4.998005409,0.2542451675
3.216362009,1.797193363,4.10412661,0.1103586607
4.238843104,3.048694631,4.322525765,0.2390146046
3.241903808,1.096052803,2.038195625,0.1419139467
2.153684858,1.653472365,1.609179851,0.1768807059
2.651585371,4.533674935,1.797215636,0.5329267635
4.272483884,4.156990193,2.729059857,0.519347098
3.50602585,3.22734196,3.048596478,0.2932264592
4.836310571,1.889813584,1.778437391,0.4110278759
2.477617644,3.23099033,4.119779084,0.154553627
3.210446042,1.048586104,4.473724618,0.05987040525
3.375696806,3.851974524,2.264019943,0.4547004932
4.393164833,3.867002722,3.032256787,0.4461897505
1.581894153,3.584180094,3.37749841,0.1341821987
2.626041347,3.445354737,3.889512696,0.1817272459
4.639835847,1.29486573,1.589889818,0.3016420992
1.172267554,1.985623876,2.123484246,0.08268583469
4.290825121,3.297512192,3.922823983,0.2872708265
2.661536149,2.576747064,3.272769257,0.1673232066
4.319215941,4.968092914,4.599783174,0.3716626728
1.039818243,4.69498143,2.791433448,0.1387379827
2.460184631,1.60803161,2.62645138,0.1209396153
1.314520149,3.359842371,2.22602887,0.1605020311
3.610458305,3.784860424,1.925490291,0.5667431444
2.095396394,1.546173657,3.603065339,0.07357830896
3.810608283,2.250382588,2.058744007,0.3286781249
4.775205708,3.863671388,4.449102083,0.3288044357
1.507268409,4.604432374,2.082593583,0.2665703357
4.459113182,2.366970601,3.693438525,0.221689459
1.237856606,1.955774847,3.272736568,0.05758667854
2.523082033,4.287168011,3.513835192,0.2450978158
2.719096245,3.339930721,4.581667103,0.1563971349
2.955398187,2.906353687,1.679953806,0.4081934378
4.905849288,2.024600086,1.599262184,0.4959599347
4.102764752,1.290633395,1.487608885,0.2830287832
2.235429451,1.071565684,1.305756084,0.147166421
2.079347142,3.319880722,3.136924094,0.1767568862
4.452480817,1.764441094,1.662924608,0.371643103
4.525228691,4.902131914,4.22867172,0.4167347633
3.042826022,1.429908914,1.090442122,0.3165117506
2.377182924,2.808355153,2.498427887,0.2123710323
4.979669393,2.578639188,2.892815886,0.352406455
2.263774181,1.929245901,1.866113203,0.1859500918
1.730849516,3.9950229,2.423624878,0.2294498874
4.520392485,3.574819048,1.891165742,0.6815994923
4.249341592,3.90303074,2.127312425,0.6211765977
3.671557622,1.331234304,4.707484243,0.08393313994
4.833654527,2.410973663,2.668701465,0.3456438409
4.702858309,3.079332297,2.543459765,0.4535022715
3.992994013,2.706884575,3.44469781,0.2480629539
4.442805638,1.162470247,3.656567427,0.1104173641
1.988586961,1.77610982,3.64110618,0.07686576426
1.564986228,4.780098593,1.339035869,0.444670382
3.680247397,1.650278899,3.327610316,0.1445837191
3.858474147,4.40820933,3.9436944,0.3426774159
1.668211715,4.288548636,4.182273465,0.1368296038
2.582229092,2.565175028,3.354137008,0.1612629751
4.641023065,2.867134079,1.522292233,0.694279935
3.24560307,4.296007231,1.334961296,0.832274773
3.31334366,3.722745302,2.292214772,0.43041586
1.776519092,4.347774946,4.710235238,0.1295760085
3.104088994,4.030386343,2.890470115,0.3421196969
3.09373891,3.765085918,4.581895629,0.202723776
1.355742561,4.651896424,2.838699813,0.1761258531
4.927770773,4.291228532,4.020472426,0.4214474724
3.285582402,1.71625075,2.940508703,0.1523337709
1.025635531,3.9928971,3.834809046,0.08551353439
4.090596805,1.346725292,2.268717107,0.1952426405
4.913062855,2.703424961,4.559461055,0.2289070152
3.359480113,2.587007549,2.062832275,0.33322771
