g_,h,Jz,mom,B,E_n
3.547846749,2.278726545,1.808672376,1.024707315,4.433741302,82.20147607
2.079146855,1.750030863,4.751620435,3.884663144,3.483635594,478.8292005
1.163894096,3.690106536,1.379106713,3.706417853,1.775671791,13.12592977
1.066110542,1.780429594,1.01959766,3.6276058,3.751658086,52.19231766
4.253080957,3.31075157,2.291683215,3.749660009,4.035996009,281.1815992
4.651022309,3.408956706,4.962978873,3.345056844,1.301554955,184.0159609
3.426543103,4.849692372,2.058780514,1.461115812,2.517946067,32.92840727
3.917986244,1.289061062,4.322777062,3.67681489,2.30739119,698.7152097
3.174499966,2.999891295,1.692454548,1.026394095,3.28172529,39.0112714
4.740289695,3.976389917,3.345513419,1.731371516,3.612212873,154.0027096
4.263414216,1.708906962,4.833637341,2.683513621,1.725551154,354.2793565
1.010954001,2.552266927,3.866052938,2.513477522,2.878637744,70.96028903
4.429617106,1.251581994,4.922031901,1.47586065,4.968671546,802.9381127
1.134342301,3.903523455,3.298226596,2.707830416,1.063410557,17.05901849
3.918621786,1.351071547,4.933338826,3.494468974,2.483974447,784.3584777
1.702622482,2.580366833,4.348188127,2.509853726,2.337249855,106.8546691
4.452715689,4.494090524,4.112992904,3.833997933,2.62233208,255.9727199
3.165844881,2.889201347,4.553959548,1.923688382,4.476774862,270.3472094
2.198847562,4.650487735,3.525966069,1.575301089,2.753220153,47.03686581
2.690748885,4.063668471,2.425458186,3.995599378,4.532312006,180.613238
1.113278685,4.66129584,3.11312976,3.674912519,3.302159372,58.73552204
1.497133106,1.509612036,1.906001583,2.717482773,2.69847078,86.57943673
3.682497659,1.294251621,4.110176496,1.547069139,2.009212351,229.2102739
3.588758046,1.281305014,1.680314006,3.654734957,4.294455421,464.4719401
3.461540446,4.475417177,3.308791796,3.999823,3.576802072,225.8406535
2.534710217,3.536279917,3.143595718,1.655770613,1.84890428,42.09907672
4.988839743,2.986286775,3.687611214,3.757206948,1.520281974,222.6416559
4.923341355,1.654173665,4.041946395,2.422548346,1.501725315,270.2672053
3.742167938,3.694933751,1.439311544,4.66047446,4.636287851,194.7361122
3.601837105,2.272069551,3.499763847,4.00615875,2.61356615,366.2122385
3.753786922,3.843519453,2.65582353,2.094924681,4.281231177,145.2107076
2.555685696,2.841421315,3.456805743,4.752105279,4.581448371,425.392437
1.54038602,3.029879442,3.775938173,1.100931024,1.905332191,21.85538221
3.885953361,4.15866293,3.341918343,1.739296058,1.130289399,38.01067524
3.10141729,1.370981902,3.931544307,1.967611885,1.721344346,189.7888952
2.240967502,3.315034013,3.080101029,3.928320333,4.091914823,210.3756313
2.943341435,1.788939789,2.851471237,3.104672122,1.061652704,94.82601589
4.557951337,4.232547007,2.147075462,2.857501632,3.25652824,138.2657537
4.736174064,2.955384145,1.91660668,1.890133355,1.765067062,61.98243191
2.431180787,4.954781333,3.781208424,4.025868441,4.06664273,189.027087
3.286119323,1.731773299,3.782845411,1.468425632,2.917502786,197.1439605
2.287477564,4.85207656,1.781930052,1.989364882,3.196319756,30.30731915
3.377200121,4.203668146,4.887349666,4.225441278,2.173633028,227.7941792
2.351644902,2.925041986,3.684603121,2.804189858,2.826314015,147.1694975
2.566476002,4.254136257,3.124864493,4.507270946,1.182850412,60.45263955
4.561097408,3.411395621,4.364701406,3.406656417,4.238078588,530.9023545
1.908630374,3.620484256,2.946081733,4.158178588,4.629995694,190.8350276
3.492748579,4.654763051,2.90377948,1.749613092,4.010590079,98.14956672
1.336061374,1.261081666,2.0330976,2.264887471,2.98248909,92.588423
4.330576591,4.339952816,1.624541926,2.506824207,4.375137398,111.3173677
4.14839323,2.52725912,3.846482316,2.976796824,1.015283503,121.0576969
1.957477772,2.302182464,4.376443873,2.889868098,3.663829628,243.0245319
4.505936923,4.976107085,3.711195112,4.28986463,4.069543669,368.9149338
1.234272139,4.124762008,2.475286067,1.692762128,2.306624949,13.64806682
2.344468242,2.942140555,3.302888365,4.405943659,4.426286764,321.3218304
1.601117868,2.690513586,3.253649895,4.556185177,1.000760006,58.04605157
2.801357467,4.510115623,4.746264334,1.302076142,3.528480846,87.60355435
4.185297081,1.347259489,2.550696848,1.037561478,2.204095924,114.3945747
1.922568836,3.833675028,1.659130608,2.171011891,3.514511695,42.14136093
1.208085204,4.156618495,4.507731573,2.602979071,2.005434638,42.00548929
2.618207359,4.196785519,4.578913988,4.881797627,1.83911948,159.4526031
1.794052178,2.289146899,1.19306238,1.285634388,3.504641547,26.46516717
1.363012182,4.186556731,1.792896123,4.125221061,2.987739282,48.36438671
3.321329544,1.901313768,3.545134614,2.901699814,1.749122753,196.3245352
2.194784531,2.449231802,4.155380623,1.519494099,4.54469972,160.1121666
3.687979512,2.669792449,3.426770027,2.464321235,4.529546648,333.4959361
1.798061776,3.165639935,1.766356785,2.523605628,3.19827362,52.20065581
4.768452442,1.450454662,1.470566301,1.974290001,3.82438411,227.4174269
2.460440673,2.627791203,3.023890536,2.17745503,2.80554694,108.5512541
1.421981118,1.00120276,4.262041627,2.679675325,4.205773457,426.7818749
3.516432606,3.977522905,1.868268724,4.84904558,4.335424985,219.1616233
4.708618212,4.407503649,1.300530779,2.835442276,4.056638797,98.97330508
2.761508619,1.555726716,3.204179983,4.800540048,1.972595357,343.8133478
4.818361975,3.815143077,1.767268593,1.122128286,1.097953841,19.43867392
2.999583255,4.284412354,1.269694882,1.264441034,3.633012313,24.90279046
2.700914499,4.927313291,4.093058392,1.111263625,2.645030778,41.00413115
3.480853808,4.375162249,4.284906424,3.663778553,4.57704338,362.1026708
4.980386021,2.696425942,2.593342204,1.880930764,4.43939011,249.1978964
4.7957747,4.918754834,2.176305441,3.305680725,3.135008376,139.1080448
2.840180557,4.895937619,2.108483558,4.181464542,2.509776603,78.50558161
4.030915381,3.014707917,2.443885703,2.327255675,3.851958164,187.1459225
2.989690782,4.013786154,3.307630572,1.982709971,3.837478782,117.3211218
3.117248641,4.655350671,3.111280312,3.901634349,3.729131573,192.3498045
4.143142803,2.904588288,2.421396725,2.903591173,4.369696217,274.4120134
2.658623397,4.455144964,3.549683917,1.596840584,3.309274341,73.11361238
3.937934287,3.806274264,3.703069768,1.34978047,3.064173919,102.1179523
3.844571512,2.175697024,3.233115792,3.948670005,3.067632534,434.3482906
4.728238746,4.07060908,2.54917966,4.44164934,4.555922632,377.6023344
1.459730533,3.282739143,3.495611128,4.561448313,2.467004534,112.7067235
3.916060468,1.375380614,3.367611133,3.04035603,4.367663439,799.9931697
4.709695714,2.565521705,2.36129543,1.613818265,3.019558255,130.4302127
4.87170476,1.294964054,2.212804051,1.902629649,1.341355803,133.1200073
1.05882522,2.904667853,3.182995516,2.814095556,2.795927949,56.14718915
4.454560361,2.714158433,3.449366956,4.407429494,2.164785591,336.6668986
4.92478016,2.694949772,3.443193756,3.600789675,3.111540179,443.6696924
4.828840718,3.345201414,2.531352036,2.096827828,4.413239421,212.3826943
1.595056049,1.490762641,3.263095629,4.023754566,1.717822109,150.09426
4.890515255,4.73507564,4.943078541,2.741760701,2.900898497,257.338984
4.559742223,3.736201792,2.712098076,4.931055781,3.330009007,344.1973043
4.28949531,4.295125434,4.372058858,2.71490855,4.079281246,306.0316961
2.919951695,4.587204929,1.325294765,4.348785396,4.76390785,109.4970843
1.929491679,3.333280188,4.500913015,1.058166525,3.202431525,58.75399988
4.207522315,1.160872884,4.766824622,3.87288506,4.686472075,1973.570637
4.694120639,3.845947296,2.047456063,2.593913771,2.346235849,97.27294279
2.064521089,3.276103417,1.048405663,2.996037232,4.057279085,51.71417103
3.15573763,4.303828889,2.932033654,1.795303201,4.054901833,100.1190637
2.771011316,3.128641894,1.730849031,4.718046055,3.205115923,146.4714963
4.724069264,4.252976381,4.886525017,1.798580054,1.695154875,105.023964
1.162042845,4.988041172,4.59079374,3.246346816,2.544817183,57.88852618
3.928024783,2.402219245,4.842659544,3.389382494,2.163400473,364.2625414
3.457492988,1.68408576,3.415478631,4.433773709,4.867514477,953.4333387
1.11346146,2.566699198,3.060641468,2.866666159,3.578489844,89.49532981
3.876879091,4.012199959,4.330871398,4.319565125,4.636151347,525.3726397
1.063966918,2.756915727,3.609395863,3.095586257,2.184639079,57.56915826
4.031804009,3.353520438,1.994230705,4.825338638,2.715760234,197.2871284
3.051034893,1.509433888,4.737144153,3.866431335,3.269489303,758.3715845
4.716416883,3.904494044,2.7587978,4.648421044,2.418912734,238.2564765
1.264329987,2.120329607,4.094224913,4.769442129,2.825998509,209.2983086
4.365269118,1.762470242,3.003751828,4.208984625,3.397228229,665.7744831
1.266760035,4.451799994,1.733424972,1.489470186,1.113143897,6.215378027
2.377239915,3.257651284,2.183707388,1.497714393,2.35924462,35.49920737
2.721194928,2.937995769,3.297643075,3.464967001,1.000886799,64.92230755
4.864248323,4.595295061,1.572008337,2.084826731,2.930150488,60.62536464
3.248927369,1.344049744,1.054951434,2.540609297,3.43200266,139.9513883
2.035458373,3.784617801,2.735564897,1.695312706,1.37196184,22.20931514
1.966702856,2.311929159,4.048788687,4.048686652,1.968377609,170.9781167
4.552473283,1.701639,3.456629095,4.417990815,4.215967284,1082.011579
1.903477714,3.6991946,2.296585503,1.531218508,4.361126239,48.93076335
1.498218823,2.451287803,3.868963757,3.067339747,2.550933017,118.7849772
2.153323028,2.31958333,2.938058532,2.58005172,4.256894922,190.6621725
3.344492259,4.774711061,4.998005409,4.160061272,2.108561012,192.9383068
3.216362009,1.797193363,4.10412661,2.859969201,3.824432889,502.8074308
4.238843104,3.048694631,4.322525765,3.923236197,3.181826495,472.6434243
3.241903808,1.096052803,2.038195625,3.264415506,2.760396316,344.9671206
2.153684858,1.653472365,1.609179851,4.912992456,3.625769105,235.4839462
2.651585371,4.533674935,1.797215636,2.678532304,1.053562716,19.3693298
4.272483884,4.156990193,2.729059857,4.950683479,1.649773771,145.6087491
3.50602585,3.22734196,3.048596478,2.661754333,2.175293858,118.0466319
4.836310571,1.889813584,1.778437391,1.730674606,3.722250439,186.5800766
2.477617644,3.23099033,4.119779084,4.128324242,3.824941253,313.3532725
3.210446042,1.048586104,4.473724618,2.086876009,3.723043297,668.6473386
3.375696806,3.851974524,2.264019943,3.263018923,4.070468426,162.8997246
4.393164833,3.867002722,3.032256787,3.58406032,1.318206244,102.6638392
1.581894153,3.584180094,3.37749841,1.798709033,1.423555634,24.66414769
2.626041347,3.445354737,3.889512696,1.137627743,4.421404641,89.82282168
4.639835847,1.29486573,1.589889818,4.948133374,2.427351012,430.9950338
1.172267554,1.985623876,2.123484246,4.269560572,3.273485162,104.8939445
4.290825121,3.297512192,3.922823983,1.49482102,3.014011223,144.7818319
2.661536149,2.576747064,3.272769257,4.39187772,3.506650285,327.763416
4.319215941,4.968092914,4.599783174,2.032520807,1.307786845,67.27954716
1.039818243,4.69498143,2.791433448,1.989138962,4.079160905,31.02132962
2.460184631,1.60803161,2.62645138,4.090465402,1.493609313,155.484498
1.314520149,3.359842371,2.22602887,4.029448049,3.725497847,85.13777969
3.610458305,3.784860424,1.925490291,4.383829376,2.608568397,134.2469272
2.095396394,1.546173657,3.603065339,1.546608032,2.969046544,143.1962457
3.810608283,2.250382588,2.058744007,3.990344701,3.686774937,319.0501612
4.775205708,3.863671388,4.449102083,2.879295497,2.484011003,245.7423105
1.507268409,4.604432374,2.082593583,2.303533633,1.184149885,13.26637161
4.459113182,2.366970601,3.693438525,3.93721151,4.856846207,829.4686211
1.237856606,1.955774847,3.272736568,4.380572324,3.090707598,174.7464436
2.523082033,4.287168011,3.513835192,2.28984303,3.968578564,118.2239829
2.719096245,3.339930721,4.581667103,1.619246227,3.125179335,117.0678464
2.955398187,2.906353687,1.679953806,4.966738873,4.278747611,229.6158945
4.905849288,2.024600086,1.599262184,4.676759957,3.258464716,373.0354942
4.102764752,1.290633395,1.487608885,2.159364599,1.491027514,95.4040013
2.235429451,1.071565684,1.305756084,4.257657232,3.567626259,261.3279343
2.079347142,3.319880722,3.136924094,1.358772889,1.690962678,30.23637683
4.452480817,1.764441094,1.662924608,4.65018363,4.29461654,521.6299026
4.525228691,4.902131914,4.22867172,4.098608941,3.724246402,373.5554067
3.042826022,1.429908914,1.090442122,1.787452459,4.759234553,122.8740883
2.377182924,2.808355153,2.498427887,2.182748988,3.516323158,101.6844748
4.979669393,2.578639188,2.892815886,3.382219419,1.90065239,224.6948862
2.263774181,1.929245901,1.866113203,2.423030657,3.228550183,107.2976052
1.730849516,3.9950229,2.423624878,3.944935264,4.087089108,109.1306844
4.520392485,3.574819048,1.891165742,3.369451477,3.84755319,196.6558587
4.249341592,3.90303074,2.127312425,1.82811461,2.369186824,63.89877845
3.671557622,1.331234304,4.707484243,3.44043804,3.621404602,1017.87565
4.833654527,2.410973663,2.668701465,1.056236341,4.741076245,166.2192166
4.702858309,3.079332297,2.543459765,1.446991261,3.739240172,132.5288129
3.992994013,2.706884575,3.44469781,1.644831268,2.469205609,127.8046558
4.442805638,1.162470247,3.656567427,2.414710848,4.643033322,982.1904644
1.988586961,1.77610982,3.64110618,1.047638953,4.310496771,115.2987445
1.564986228,4.780098593,1.339035869,4.719630095,4.420735041,57.57971176
3.680247397,1.650278899,3.327610316,1.958035822,1.427365507,129.5601862
3.858474147,4.40820933,3.9436944,2.082554202,2.163315335,97.09962747
1.668211715,4.288548636,4.182273465,2.502569303,4.160511211,107.235876
2.582229092,2.565175028,3.354137008,4.762954863,2.099229984,216.8181701
4.641023065,2.867134079,1.522292233,2.407277317,1.294823742,46.75991769
3.24560307,4.296007231,1.334961296,2.724531425,3.73306405,65.73304546
3.31334366,3.722745302,2.292214772,2.19402909,4.197079826,120.5537849
1.776519092,4.347774946,4.710235238,4.90498014,3.567071233,210.5319905
3.104088994,4.030386343,2.890470115,2.459428899,2.379373346,79.20884531
3.09373891,3.765085918,4.581895629,1.334149684,3.239093276,102.7067509
1.355742561,4.651896424,2.838699813,3.631929577,1.086079806,19.7352927
4.927770773,4.291228532,4.020472426,3.866419683,3.250646623,367.9062095
3.285582402,1.71625075,2.940508703,2.488964097,4.427204699,389.4394679
1.025635531,3.9928971,3.834809046,1.845540622,1.31221294,15.59624624
4.090596805,1.346725292,2.268717107,2.637005805,2.533277586,291.5437454
4.913062855,2.703424961,4.559461055,2.756272842,1.65945487,234.8056262
3.359480113,2.587007549,2.062832275,4.981199214,2.520031587,208.9428233
