beta,alpha,theta,f
3.547846749,2.278726545,1.808672376,1.679811548
2.079146855,1.750030863,4.751620435,2.197853238
1.163894096,3.690106536,1.379106713,1.883031772
1.066110542,1.780429594,1.01959766,2.059879178
4.253080957,3.31075157,2.291683215,-5.015574087
4.651022309,3.408956706,4.962978873,8.557920756
3.426543103,4.849692372,2.058780514,-4.378798077
3.917986244,1.289061062,4.322777062,1.965990403
3.174499966,2.999891295,1.692454548,2.041364204
4.740289695,3.976389917,3.345513419,-13.77377959
4.263414216,1.708906962,4.833637341,5.21450467
1.010954001,2.552266927,3.866052938,-0.8938778159
4.429617106,1.251581994,4.922031901,5.589616585
1.134342301,3.903523455,3.298226596,-3.245128322
3.918621786,1.351071547,4.933338826,5.160096628
1.702622482,2.580366833,4.348188127,0.1602154053
4.452715689,4.494090524,4.112992904,-6.866043884
3.165844881,2.889201347,4.553959548,1.72964535
2.198847562,4.650487735,3.525966069,-7.248006561
2.690748885,4.063668471,2.425458186,-5.600869473
1.113278685,4.66129584,3.11312976,-4.032271124
1.497133106,1.509612036,1.906001583,0.743178779
3.682497659,1.294251621,4.110176496,0.9991523827
3.588758046,1.281305014,1.680314006,3.093439307
3.461540446,4.475417177,3.308791796,-11.90006477
2.534710217,3.536279917,3.143595718,-6.454044815
4.988839743,2.986286775,3.687611214,-7.711565988
4.923341355,1.654173665,4.041946395,-0.2330590115
3.742167938,3.694933751,1.439311544,5.490421263
3.601837105,2.272069551,3.499763847,-4.037561345
3.753786922,3.843519453,2.65582353,-9.024455036
2.555685696,2.841421315,3.456805743,-4.346825784
1.54038602,3.029879442,3.775938173,-2.289094217
3.885953361,4.15866293,3.341918343,-11.96270225
3.10141729,1.370981902,3.931544307,0.1191365598
2.240967502,3.315034013,3.080101029,-5.172201111
2.943341435,1.788939789,2.851471237,-2.14967664
4.557951337,4.232547007,2.147075462,-5.891509785
4.736174064,2.955384145,1.91660668,-0.05727974761
2.431180787,4.954781333,3.781208424,-7.270828602
3.286119323,1.731773299,3.782845411,-1.194213053
2.287477564,4.85207656,1.781930052,-0.10490979
3.377200121,4.203668146,4.887349666,5.872958205
2.351644902,2.925041986,3.684603121,-3.544625121
2.566476002,4.254136257,3.124864493,-8.405149349
4.561097408,3.411395621,4.364701406,-0.7094778343
1.908630374,3.620484256,2.946081733,-4.809490327
3.492748579,4.654763051,2.90377948,-12.26508957
1.336061374,1.261081666,2.0330976,0.6083864348
4.330576591,4.339952816,1.624541926,3.312962369
4.14839323,2.52725912,3.846482316,-3.813487929
1.957477772,2.302182464,4.376443873,0.3795015303
4.505936923,4.976107085,3.711195112,-14.36997355
1.234272139,4.124762008,2.475286067,-2.860098073
2.344468242,2.942140555,3.302888365,-4.487827093
1.601117868,2.690513586,3.253649895,-2.627204253
2.801357467,4.510115623,4.746264334,3.280285307
4.185297081,1.347259489,2.550696848,-0.486331502
1.922568836,3.833675028,1.659130608,1.318265922
1.208085204,4.156618495,4.507731573,0.1678642414
2.618207359,4.196785519,4.578913988,1.12140441
1.794052178,2.289146899,1.19306238,3.308607248
1.363012182,4.186556731,1.792896123,0.1704850301
3.321329544,1.901313768,3.545134614,-2.510069213
2.194784531,2.449231802,4.155380623,-0.6766810932
3.687979512,2.669792449,3.426770027,-5.729834161
1.798061776,3.165639935,1.766356785,0.7189560028
4.768452442,1.450454662,1.470566301,5.421000918
2.460440673,2.627791203,3.023890536,-3.962898108
1.421981118,1.00120276,4.262041627,0.7643012207
3.516432606,3.977522905,1.868268724,-0.562930903
4.708618212,4.407503649,1.300530779,10.22012869
2.761508619,1.555726716,3.204179983,-1.415986562
4.818361975,3.815143077,1.767268593,1.273902873
2.999583255,4.284412354,1.269694882,6.795580549
2.700914499,4.927313291,4.093058392,-5.033197389
3.480853808,4.375162249,4.284906424,-2.773592523
4.980386021,2.696425942,2.593342204,-6.523703168
4.7957747,4.918754834,2.176305441,-8.611571548
2.840180557,4.895937619,2.108483558,-4.325249038
4.030915381,3.014707917,2.443885703,-5.218357237
2.989690782,4.013786154,3.307630572,-8.854626677
3.117248641,4.655350671,3.111280312,-11.3493388
4.143142803,2.904588288,2.421396725,-4.921655879
2.658623397,4.455144964,3.549683917,-8.156562692
3.937934287,3.806274264,3.703069768,-8.697534918
3.844571512,2.175697024,3.233115792,-4.494564247
4.728238746,4.07060908,2.54917966,-11.21593514
1.459730533,3.282739143,3.495611128,-2.977874628
3.916060468,1.375380614,3.367611133,-1.333612606
4.709695714,2.565521705,2.36129543,-3.924363374
4.87170476,1.294964054,2.212804051,1.086520721
1.05882522,2.904667853,3.182995516,-2.038799677
4.454560361,2.714158433,3.449366956,-7.123058561
4.92478016,2.694949772,3.443193756,-7.733426385
4.828840718,3.345201414,2.531352036,-8.410608559
1.595056049,1.490762641,3.263095629,-0.7965857365
4.890515255,4.73507564,4.943078541,10.23029711
4.559742223,3.736201792,2.712098076,-10.87393689
4.28949531,4.295125434,4.372058858,-1.815552941
2.919951695,4.587204929,1.325294765,6.168941598
1.929491679,3.333280188,4.500913015,0.6463743924
4.207522315,1.160872884,4.766824622,4.54004223
4.694120639,3.845947296,2.047456063,-3.554061994
2.064521089,3.276103417,1.048405663,5.464790701
3.15573763,4.303828889,2.932033654,-10.09253425
2.771011316,3.128641894,1.730849031,1.405983553
4.724069264,4.252976381,4.886525017,8.226363547
1.162042845,4.988041172,4.59079374,0.5073625916
3.928024783,2.402219245,4.842659544,5.142342832
3.457492988,1.68408576,3.415478631,-2.095403355
1.11346146,2.566699198,3.060641468,-1.655263391
3.876879091,4.012199959,4.330871398,-1.93895677
1.063966918,2.756915727,3.609395863,-1.587179947
4.031804009,3.353520438,1.994230705,-1.526325158
3.051034893,1.509433888,4.737144153,3.120901424
4.716416883,3.904494044,2.7587978,-12.30848675
1.264329987,2.120329607,4.094224913,-0.2373693138
4.365269118,1.762470242,3.003751828,-3.308903536
1.266760035,4.451799994,1.733424972,0.3756331361
2.377239915,3.257651284,2.183707388,-2.075178016
2.721194928,2.937995769,3.297643075,-5.209790052
4.864248323,4.595295061,1.572008337,4.771005259
3.248927369,1.344049744,1.054951434,5.407853428
2.035458373,3.784617801,2.735564897,-5.027220365
1.966702856,2.311929159,4.048788687,-0.8642187038
4.552473283,1.701639,3.456629095,-2.818161463
1.903477714,3.6991946,2.296585503,-2.783350613
1.498218823,2.451287803,3.868963757,-1.193357108
2.153323028,2.31958333,2.938058532,-2.688553764
3.344492259,4.774711061,4.998005409,7.843491256
3.216362009,1.797193363,4.10412661,-0.1269627508
4.238843104,3.048694631,4.322525765,-0.6469296097
3.241903808,1.096052803,2.038195625,1.715113179
2.153684858,1.653472365,1.609179851,2.035187502
2.651585371,4.533674935,1.797215636,-0.0321844546
4.272483884,4.156990193,2.729059857,-11.96421041
3.50602585,3.22734196,3.048596478,-7.809954854
4.836310571,1.889813584,1.778437391,3.0002712
2.477617644,3.23099033,4.119779084,-1.995203746
3.210446042,1.048586104,4.473724618,2.414353875
3.375696806,3.851974524,2.264019943,-4.988159931
4.393164833,3.867002722,3.032256787,-12.48554926
1.581894153,3.584180094,3.37749841,-3.91696995
2.626041347,3.445354737,3.889512696,-4.085719428
4.639835847,1.29486573,1.589889818,4.546823344
1.172267554,1.985623876,2.123484246,-0.1556710902
4.290825121,3.297512192,3.922823983,-5.749913849
2.661536149,2.576747064,3.272769257,-4.124399662
4.319215941,4.968092914,4.599783174,1.917996795
1.039818243,4.69498143,2.791433448,-3.556002444
2.460184631,1.60803161,2.62645138,-0.9573468876
1.314520149,3.359842371,2.22602887,-1.315708456
3.610458305,3.784860424,1.925490291,-1.089137565
2.095396394,1.546173657,3.603065339,-0.7583835107
3.810608283,2.250382588,2.058744007,-0.2746256475
4.775205708,3.863671388,4.449102083,-0.05427421703
1.507268409,4.604432374,2.082593583,-1.859361905
4.459113182,2.366970601,3.693438525,-4.662021517
1.237856606,1.955774847,3.272736568,-1.192167258
2.523082033,4.287168011,3.513835192,-7.549980161
2.719096245,3.339930721,4.581667103,1.504109369
2.955398187,2.906353687,1.679953806,2.050484323
4.905849288,2.024600086,1.599262184,4.663631086
4.102764752,1.290633395,1.487608885,4.53742283
2.235429451,1.071565684,1.305756084,2.890454725
2.079347142,3.319880722,3.136924094,-4.785590681
4.452480817,1.764441094,1.662924608,3.629366654
4.525228691,4.902131914,4.22867172,-5.808454383
3.042826022,1.429908914,1.090442122,5.02983354
2.377182924,2.808355153,2.498427887,-2.971135042
4.979669393,2.578639188,2.892815886,-7.485047579
2.263774181,1.929245901,1.866113203,0.9859205062
1.730849516,3.9950229,2.423624878,-3.420795445
4.520392485,3.574819048,1.891165742,-0.5305776454
4.249341592,3.90303074,2.127312425,-4.493784214
3.671557622,1.331234304,4.707484243,3.678112765
4.833654527,2.410973663,2.668701465,-5.58456041
4.702858309,3.079332297,2.543459765,-7.254988604
3.992994013,2.706884575,3.44469781,-6.360887415
4.442805638,1.162470247,3.656567427,-0.09816645062
1.988586961,1.77610982,3.64110618,-1.119415973
1.564986228,4.780098593,1.339035869,3.285475937
3.680247397,1.650278899,3.327610316,-2.303760473
3.858474147,4.40820933,3.9436944,-7.978619813
1.668211715,4.288548636,4.182273465,-1.932770721
2.582229092,2.565175028,3.354137008,-3.796733307
4.641023065,2.867134079,1.522292233,5.255618733
3.24560307,4.296007231,1.334961296,6.529604305
3.31334366,3.722745302,2.292214772,-4.781878963
1.776519092,4.347774946,4.710235238,1.738519939
3.104088994,4.030386343,2.890470115,-9.068081609
3.09373891,3.765085918,4.581895629,1.587836678
1.355742561,4.651896424,2.838699813,-4.679611092
4.927770773,4.291228532,4.020472426,-8.496184105
3.285582402,1.71625075,2.940508703,-2.245940282
1.025635531,3.9928971,3.834809046,-2.112022584
4.090596805,1.346725292,2.268717107,0.5973503669
4.913062855,2.703424961,4.559461055,2.821935325
3.359480113,2.587007549,2.062832275,-0.793980462
