method,tag,ok,seconds,r2_train,expr,error
rf,I.6.2a__nz0,1,2.762,0.999926,,
gbrt,I.6.2a__nz0,1,0.026,0.999999,,
rf,I.6.2a__nz0.01,1,0.113,0.999901,,
gbrt,I.6.2a__nz0.01,1,0.026,0.999995,,
rf,I.6.2a__nz0.02,1,0.113,0.999849,,
gbrt,I.6.2a__nz0.02,1,0.028,0.999979,,
rf,I.6.2__nz0,1,0.14,0.988903,,
gbrt,I.6.2__nz0,1,0.03,0.99961,,
rf,I.6.2__nz0.01,1,0.132,0.989159,,
gbrt,I.6.2__nz0.01,1,0.027,0.999653,,
rf,I.6.2__nz0.02,1,0.128,0.989152,,
gbrt,I.6.2__nz0.02,1,0.027,0.999579,,
rf,I.6.2b__nz0,1,0.126,0.950926,,
gbrt,I.6.2b__nz0,1,0.028,0.997497,,
rf,I.6.2b__nz0.01,1,0.125,0.950115,,
gbrt,I.6.2b__nz0.01,1,0.028,0.996933,,
rf,I.6.2b__nz0.02,1,0.126,0.950366,,
gbrt,I.6.2b__nz0.02,1,0.028,0.996864,,
rf,I.8.14__nz0,1,0.126,0.930751,,
gbrt,I.8.14__nz0,1,0.027,0.982282,,
rf,I.8.14__nz0.01,1,0.127,0.929825,,
gbrt,I.8.14__nz0.01,1,0.027,0.980875,,
rf,I.8.14__nz0.02,1,0.129,0.930381,,
gbrt,I.8.14__nz0.02,1,0.027,0.980188,,
rf,I.9.18__nz0,1,0.149,0.95859,,
gbrt,I.9.18__nz0,1,0.032,0.999448,,
rf,I.9.18__nz0.01,1,0.137,0.95902,,
gbrt,I.9.18__nz0.01,1,0.034,0.999311,,
rf,I.9.18__nz0.02,1,0.137,0.958456,,
gbrt,I.9.18__nz0.02,1,0.032,0.999274,,
rf,I.10.7__nz0,1,0.118,0.998747,,
gbrt,I.10.7__nz0,1,0.027,0.999913,,
rf,I.10.7__nz0.01,1,0.118,0.998761,,
gbrt,I.10.7__nz0.01,1,0.027,0.999912,,
rf,I.10.7__nz0.02,1,0.121,0.998707,,
gbrt,I.10.7__nz0.02,1,0.026,0.99993,,
rf,I.11.19__nz0,1,0.129,0.965449,,
gbrt,I.11.19__nz0,1,0.029,0.999244,,
rf,I.11.19__nz0.01,1,0.129,0.966474,,
gbrt,I.11.19__nz0.01,1,0.029,0.999129,,
rf,I.11.19__nz0.02,1,0.13,0.965452,,
gbrt,I.11.19__nz0.02,1,0.029,0.999178,,
rf,I.12.1__nz0,1,0.113,0.998249,,
gbrt,I.12.1__nz0,1,0.026,0.999749,,
rf,I.12.1__nz0.01,1,0.113,0.998206,,
gbrt,I.12.1__nz0.01,1,0.024,0.99972,,
rf,I.12.1__nz0.02,1,0.111,0.998256,,
gbrt,I.12.1__nz0.02,1,0.025,0.999708,,
rf,I.12.2__nz0,1,0.126,0.958487,,
gbrt,I.12.2__nz0,1,0.028,0.999499,,
rf,I.12.2__nz0.01,1,0.124,0.95884,,
gbrt,I.12.2__nz0.01,1,0.028,0.999528,,
rf,I.12.2__nz0.02,1,0.125,0.95886,,
gbrt,I.12.2__nz0.02,1,0.028,0.999402,,
rf,I.12.4__nz0,1,0.125,0.97211,,
gbrt,I.12.4__nz0,1,0.029,0.99963,,
rf,I.12.4__nz0.01,1,0.131,0.971913,,
gbrt,I.12.4__nz0.01,1,0.027,0.999629,,
rf,I.12.4__nz0.02,1,0.122,0.971745,,
gbrt,I.12.4__nz0.02,1,0.027,0.999628,,
rf,I.12.5__nz0,1,0.121,0.998249,,
gbrt,I.12.5__nz0,1,0.026,0.999749,,
rf,I.12.5__nz0.01,1,0.116,0.998206,,
gbrt,I.12.5__nz0.01,1,0.026,0.99972,,
rf,I.12.5__nz0.02,1,0.121,0.998256,,
gbrt,I.12.5__nz0.02,1,0.024,0.999708,,
rf,I.12.11__nz0,1,0.127,0.980814,,
gbrt,I.12.11__nz0,1,0.03,0.998451,,
rf,I.12.11__nz0.01,1,0.126,0.981304,,
gbrt,I.12.11__nz0.01,1,0.032,0.998181,,
rf,I.12.11__nz0.02,1,0.123,0.980648,,
gbrt,I.12.11__nz0.02,1,0.03,0.998638,,
rf,I.13.4__nz0,1,0.12,0.985696,,
gbrt,I.13.4__nz0,1,0.027,0.999398,,
rf,I.13.4__nz0.01,1,0.124,0.98551,,
gbrt,I.13.4__nz0.01,1,0.027,0.999463,,
rf,I.13.4__nz0.02,1,0.122,0.985419,,
gbrt,I.13.4__nz0.02,1,0.027,0.999451,,
rf,I.13.12__nz0,1,0.129,0.971578,,
gbrt,I.13.12__nz0,1,0.028,0.998907,,
rf,I.13.12__nz0.01,1,0.131,0.971655,,
gbrt,I.13.12__nz0.01,1,0.028,0.9993,,
rf,I.13.12__nz0.02,1,0.129,0.971209,,
gbrt,I.13.12__nz0.02,1,0.029,0.999239,,
rf,I.14.3__nz0,1,0.118,0.989828,,
gbrt,I.14.3__nz0,1,0.027,0.999521,,
rf,I.14.3__nz0.01,1,0.114,0.990096,,
gbrt,I.14.3__nz0.01,1,0.026,0.999467,,
rf,I.14.3__nz0.02,1,0.12,0.989762,,
gbrt,I.14.3__nz0.02,1,0.026,0.999414,,
rf,I.14.4__nz0,1,0.117,0.997641,,
gbrt,I.14.4__nz0,1,0.025,0.999689,,
rf,I.14.4__nz0.01,1,0.114,0.997621,,
gbrt,I.14.4__nz0.01,1,0.025,0.999692,,
rf,I.14.4__nz0.02,1,0.115,0.99757,,
gbrt,I.14.4__nz0.02,1,0.025,0.99968,,
rf,I.15.3x__nz0,1,0.123,0.988923,,
gbrt,I.15.3x__nz0,1,0.027,0.999584,,
rf,I.15.3x__nz0.01,1,0.12,0.989048,,
gbrt,I.15.3x__nz0.01,1,0.026,0.999491,,
rf,I.15.3x__nz0.02,1,0.118,0.989391,,
gbrt,I.15.3x__nz0.02,1,0.027,0.99957,,
rf,I.15.3t__nz0,1,0.122,0.999145,,
gbrt,I.15.3t__nz0,1,0.027,0.999934,,
rf,I.15.3t__nz0.01,1,0.122,0.999136,,
gbrt,I.15.3t__nz0.01,1,0.028,0.999937,,
rf,I.15.3t__nz0.02,1,0.122,0.99912,,
gbrt,I.15.3t__nz0.02,1,0.027,0.999913,,
rf,I.15.1__nz0,1,0.117,0.996754,,
gbrt,I.15.1__nz0,1,0.03,0.999731,,
rf,I.15.1__nz0.01,1,0.12,0.996765,,
gbrt,I.15.1__nz0.01,1,0.026,0.999714,,
rf,I.15.1__nz0.02,1,0.117,0.996767,,
gbrt,I.15.1__nz0.02,1,0.026,0.99968,,
rf,I.16.6__nz0,1,0.119,0.993716,,
gbrt,I.16.6__nz0,1,0.026,0.999402,,
rf,I.16.6__nz0.01,1,0.116,0.993666,,
gbrt,I.16.6__nz0.01,1,0.026,0.999286,,
rf,I.16.6__nz0.02,1,0.117,0.993811,,
gbrt,I.16.6__nz0.02,1,0.026,0.999342,,
rf,I.18.4__nz0,1,0.117,0.99013,,
gbrt,I.18.4__nz0,1,0.027,0.999086,,
rf,I.18.4__nz0.01,1,0.118,0.990232,,
gbrt,I.18.4__nz0.01,1,0.027,0.999002,,
rf,I.18.4__nz0.02,1,0.122,0.990318,,
gbrt,I.18.4__nz0.02,1,0.026,0.999115,,
rf,I.18.12__nz0,1,0.119,0.989678,,
gbrt,I.18.12__nz0,1,0.026,0.999366,,
rf,I.18.12__nz0.01,1,0.116,0.990086,,
gbrt,I.18.12__nz0.01,1,0.025,0.999236,,
rf,I.18.12__nz0.02,1,0.121,0.989798,,
gbrt,I.18.12__nz0.02,1,0.026,0.999342,,
rf,I.18.14__nz0,1,0.119,0.979629,,
gbrt,I.18.14__nz0,1,0.026,0.998798,,
rf,I.18.14__nz0.01,1,0.122,0.979167,,
gbrt,I.18.14__nz0.01,1,0.026,0.998964,,
rf,I.18.14__nz0.02,1,0.125,0.978735,,
gbrt,I.18.14__nz0.02,1,0.027,0.998541,,
rf,I.24.6__nz0,1,0.12,0.973128,,
gbrt,I.24.6__nz0,1,0.028,0.999173,,
rf,I.24.6__nz0.01,1,0.122,0.973296,,
gbrt,I.24.6__nz0.01,1,0.026,0.999064,,
rf,I.24.6__nz0.02,1,0.123,0.972496,,
gbrt,I.24.6__nz0.02,1,0.027,0.999138,,
rf,I.25.13__nz0,1,0.112,0.992465,,
gbrt,I.25.13__nz0,1,0.024,0.999593,,
rf,I.25.13__nz0.01,1,0.115,0.992537,,
gbrt,I.25.13__nz0.01,1,0.024,0.999594,,
rf,I.25.13__nz0.02,1,0.116,0.992462,,
gbrt,I.25.13__nz0.02,1,0.025,0.999611,,
rf,I.26.2__nz0,1,0.116,0.998377,,
gbrt,I.26.2__nz0,1,0.025,0.99977,,
rf,I.26.2__nz0.01,1,0.115,0.998191,,
gbrt,I.26.2__nz0.01,1,0.024,0.999751,,
rf,I.26.2__nz0.02,1,0.122,0.998094,,
gbrt,I.26.2__nz0.02,1,0.041,0.999689,,
rf,I.27.6__nz0,1,0.139,0.987294,,
gbrt,I.27.6__nz0,1,0.029,0.999563,,
rf,I.27.6__nz0.01,1,0.13,0.987509,,
gbrt,I.27.6__nz0.01,1,0.027,0.999516,,
rf,I.27.6__nz0.02,1,0.13,0.987738,,
gbrt,I.27.6__nz0.02,1,0.025,0.999497,,
rf,I.29.4__nz0,1,0.114,0.983031,,
gbrt,I.29.4__nz0,1,0.025,0.999622,,
rf,I.29.4__nz0.01,1,0.119,0.982817,,
gbrt,I.29.4__nz0.01,1,0.024,0.999621,,
rf,I.29.4__nz0.02,1,0.112,0.982792,,
gbrt,I.29.4__nz0.02,1,0.026,0.999579,,
rf,I.29.16__nz0,1,0.123,0.91278,,
gbrt,I.29.16__nz0,1,0.027,0.981373,,
rf,I.29.16__nz0.01,1,0.124,0.914475,,
gbrt,I.29.16__nz0.01,1,0.028,0.974025,,
rf,I.29.16__nz0.02,1,0.129,0.913228,,
gbrt,I.29.16__nz0.02,1,0.029,0.983944,,
rf,I.30.3__nz0,1,0.134,0.878614,,
gbrt,I.30.3__nz0,1,0.028,0.971393,,
rf,I.30.3__nz0.01,1,0.13,0.878077,,
gbrt,I.30.3__nz0.01,1,0.027,0.968796,,
rf,I.30.3__nz0.02,1,0.126,0.878293,,
gbrt,I.30.3__nz0.02,1,0.026,0.971608,,
rf,I.30.5__nz0,1,0.121,0.984235,,
gbrt,I.30.5__nz0,1,0.026,0.999428,,
rf,I.30.5__nz0.01,1,0.119,0.984502,,
gbrt,I.30.5__nz0.01,1,0.026,0.999287,,
rf,I.30.5__nz0.02,1,0.122,0.984168,,
gbrt,I.30.5__nz0.02,1,0.026,0.999228,,
rf,I.32.5__nz0,1,0.133,0.947744,,
gbrt,I.32.5__nz0,1,0.029,0.999732,,
rf,I.32.5__nz0.01,1,0.126,0.947956,,
gbrt,I.32.5__nz0.01,1,0.027,0.999702,,
rf,I.32.5__nz0.02,1,0.13,0.948331,,
gbrt,I.32.5__nz0.02,1,0.03,0.99964,,
rf,I.32.17__nz0,1,0.133,0.942215,,
gbrt,I.32.17__nz0,1,0.029,0.999529,,
rf,I.32.17__nz0.01,1,0.14,0.943396,,
gbrt,I.32.17__nz0.01,1,0.029,0.999644,,
rf,I.32.17__nz0.02,1,0.134,0.942257,,
gbrt,I.32.17__nz0.02,1,0.03,0.999541,,
rf,I.34.8__nz0,1,0.123,0.968322,,
gbrt,I.34.8__nz0,1,0.027,0.999478,,
rf,I.34.8__nz0.01,1,0.129,0.968466,,
gbrt,I.34.8__nz0.01,1,0.03,0.999457,,
rf,I.34.8__nz0.02,1,0.14,0.968028,,
gbrt,I.34.8__nz0.02,1,0.03,0.999228,,
rf,I.34.1__nz0,1,0.131,0.98922,,
gbrt,I.34.1__nz0,1,0.027,0.999586,,
rf,I.34.1__nz0.01,1,0.123,0.989113,,
gbrt,I.34.1__nz0.01,1,0.025,0.999567,,
rf,I.34.1__nz0.02,1,0.121,0.989026,,
gbrt,I.34.1__nz0.02,1,0.026,0.999418,,
rf,I.34.14__nz0,1,0.115,0.993156,,
gbrt,I.34.14__nz0,1,0.026,0.999631,,
rf,I.34.14__nz0.01,1,0.119,0.993172,,
gbrt,I.34.14__nz0.01,1,0.025,0.99964,,
rf,I.34.14__nz0.02,1,0.117,0.993215,,
gbrt,I.34.14__nz0.02,1,0.025,0.999649,,
rf,I.34.27__nz0,1,0.112,0.9982,,
gbrt,I.34.27__nz0,1,0.024,0.999749,,
rf,I.34.27__nz0.01,1,0.119,0.998218,,
gbrt,I.34.27__nz0.01,1,0.027,0.99972,,
rf,I.34.27__nz0.02,1,0.123,0.998239,,
gbrt,I.34.27__nz0.02,1,0.029,0.999708,,
rf,I.37.4__nz0,1,0.126,0.989619,,
gbrt,I.37.4__nz0,1,0.026,0.998971,,
rf,I.37.4__nz0.01,1,0.124,0.989295,,
gbrt,I.37.4__nz0.01,1,0.027,0.999104,,
rf,I.37.4__nz0.02,1,0.128,0.989425,,
gbrt,I.37.4__nz0.02,1,0.031,0.998989,,
rf,I.38.12__nz0,1,0.14,0.943466,,
gbrt,I.38.12__nz0,1,0.032,0.99947,,
rf,I.38.12__nz0.01,1,0.129,0.944053,,
gbrt,I.38.12__nz0.01,1,0.03,0.999619,,
rf,I.38.12__nz0.02,1,0.123,0.943407,,
gbrt,I.38.12__nz0.02,1,0.028,0.999506,,
rf,I.39.1__nz0,1,0.12,0.998296,,
gbrt,I.39.1__nz0,1,0.027,0.999749,,
rf,I.39.1__nz0.01,1,0.125,0.998215,,
gbrt,I.39.1__nz0.01,1,0.027,0.99972,,
rf,I.39.1__nz0.02,1,0.124,0.998245,,
gbrt,I.39.1__nz0.02,1,0.026,0.999708,,
rf,I.39.11__nz0,1,0.127,0.979995,,
gbrt,I.39.11__nz0,1,0.031,0.999372,,
rf,I.39.11__nz0.01,1,0.127,0.980277,,
gbrt,I.39.11__nz0.01,1,0.026,0.999267,,
rf,I.39.11__nz0.02,1,0.131,0.980446,,
gbrt,I.39.11__nz0.02,1,0.027,0.9994,,
rf,I.39.22__nz0,1,0.133,0.963901,,
gbrt,I.39.22__nz0,1,0.029,0.999435,,
rf,I.39.22__nz0.01,1,0.125,0.963806,,
gbrt,I.39.22__nz0.01,1,0.029,0.999346,,
rf,I.39.22__nz0.02,1,0.125,0.962962,,
gbrt,I.39.22__nz0.02,1,0.026,0.999459,,
rf,I.40.1__nz0,1,0.129,0.941369,,
gbrt,I.40.1__nz0,1,0.03,0.999186,,
rf,I.40.1__nz0.01,1,0.137,0.943069,,
gbrt,I.40.1__nz0.01,1,0.028,0.999269,,
rf,I.40.1__nz0.02,1,0.131,0.942154,,
gbrt,I.40.1__nz0.02,1,0.028,0.999306,,
rf,I.41.16__nz0,1,0.125,0.924257,,
gbrt,I.41.16__nz0,1,0.028,0.9995,,
rf,I.41.16__nz0.01,1,0.13,0.923235,,
gbrt,I.41.16__nz0.01,1,0.028,0.999615,,
rf,I.41.16__nz0.02,1,0.144,0.9231,,
gbrt,I.41.16__nz0.02,1,0.032,0.999476,,
rf,I.43.16__nz0,1,0.144,0.968322,,
gbrt,I.43.16__nz0,1,0.032,0.999478,,
rf,I.43.16__nz0.01,1,0.138,0.968466,,
gbrt,I.43.16__nz0.01,1,0.027,0.999457,,
rf,I.43.16__nz0.02,1,0.132,0.968028,,
gbrt,I.43.16__nz0.02,1,0.027,0.999228,,
rf,I.43.31__nz0,1,0.121,0.989723,,
gbrt,I.43.31__nz0,1,0.027,0.999521,,
rf,I.43.31__nz0.01,1,0.12,0.990062,,
gbrt,I.43.31__nz0.01,1,0.03,0.999467,,
rf,I.43.31__nz0.02,1,0.124,0.989859,,
gbrt,I.43.31__nz0.02,1,0.027,0.999414,,
rf,I.43.43__nz0,1,0.125,0.945684,,
gbrt,I.43.43__nz0,1,0.035,0.999448,,
rf,I.43.43__nz0.01,1,0.126,0.944196,,
gbrt,I.43.43__nz0.01,1,0.028,0.999397,,
rf,I.43.43__nz0.02,1,0.129,0.945092,,
gbrt,I.43.43__nz0.02,1,0.027,0.999469,,
rf,I.44.4__nz0,1,0.125,0.954121,,
gbrt,I.44.4__nz0,1,0.03,0.997641,,
rf,I.44.4__nz0.01,1,0.148,0.954124,,
gbrt,I.44.4__nz0.01,1,0.033,0.998349,,
rf,I.44.4__nz0.02,1,0.15,0.955326,,
gbrt,I.44.4__nz0.02,1,0.034,0.998101,,
rf,I.47.23__nz0,1,0.137,0.98895,,
gbrt,I.47.23__nz0,1,0.026,0.999362,,
rf,I.47.23__nz0.01,1,0.116,0.989049,,
gbrt,I.47.23__nz0.01,1,0.027,0.999252,,
rf,I.47.23__nz0.02,1,0.122,0.989131,,
gbrt,I.47.23__nz0.02,1,0.026,0.999246,,
rf,I.48.2__nz0,1,0.119,0.996283,,
gbrt,I.48.2__nz0,1,0.026,0.999562,,
rf,I.48.2__nz0.01,1,0.117,0.996158,,
gbrt,I.48.2__nz0.01,1,0.026,0.999597,,
rf,I.48.2__nz0.02,1,0.116,0.996212,,
gbrt,I.48.2__nz0.02,1,0.026,0.999572,,
rf,I.50.26__nz0,1,0.124,0.910322,,
gbrt,I.50.26__nz0,1,0.027,0.982011,,
rf,I.50.26__nz0.01,1,0.123,0.910035,,
gbrt,I.50.26__nz0.01,1,0.027,0.977281,,
rf,I.50.26__nz0.02,1,0.127,0.909111,,
gbrt,I.50.26__nz0.02,1,0.028,0.979686,,
rf,II.2.42__nz0,1,0.125,0.973286,,
gbrt,II.2.42__nz0,1,0.028,0.998483,,
rf,II.2.42__nz0.01,1,0.126,0.97334,,
gbrt,II.2.42__nz0.01,1,0.029,0.998051,,
rf,II.2.42__nz0.02,1,0.124,0.971986,,
gbrt,II.2.42__nz0.02,1,0.032,0.997989,,
rf,II.3.24__nz0,1,0.115,0.979408,,
gbrt,II.3.24__nz0,1,0.025,0.999779,,
rf,II.3.24__nz0.01,1,0.116,0.979618,,
gbrt,II.3.24__nz0.01,1,0.025,0.999744,,
rf,II.3.24__nz0.02,1,0.115,0.979268,,
gbrt,II.3.24__nz0.02,1,0.025,0.999764,,
rf,II.4.23__nz0,1,0.121,0.974418,,
gbrt,II.4.23__nz0,1,0.027,0.999183,,
rf,II.4.23__nz0.01,1,0.119,0.974204,,
gbrt,II.4.23__nz0.01,1,0.026,0.999214,,
rf,II.4.23__nz0.02,1,0.122,0.974621,,
gbrt,II.4.23__nz0.02,1,0.027,0.999044,,
rf,II.6.11__nz0,1,0.127,0.961856,,
gbrt,II.6.11__nz0,1,0.028,0.999451,,
rf,II.6.11__nz0.01,1,0.129,0.961752,,
gbrt,II.6.11__nz0.01,1,0.027,0.999291,,
rf,II.6.11__nz0.02,1,0.125,0.960976,,
gbrt,II.6.11__nz0.02,1,0.046,0.99952,,
rf,II.6.15a__nz0,1,0.159,0.962901,,
gbrt,II.6.15a__nz0,1,0.03,0.999911,,
rf,II.6.15a__nz0.01,1,0.132,0.963515,,
gbrt,II.6.15a__nz0.01,1,0.028,0.999923,,
rf,II.6.15a__nz0.02,1,0.134,0.964258,,
gbrt,II.6.15a__nz0.02,1,0.03,0.999895,,
rf,II.6.15b__nz0,1,0.124,0.93005,,
gbrt,II.6.15b__nz0,1,0.026,0.999249,,
rf,II.6.15b__nz0.01,1,0.124,0.929849,,
gbrt,II.6.15b__nz0.01,1,0.026,0.999289,,
rf,II.6.15b__nz0.02,1,0.125,0.929836,,
gbrt,II.6.15b__nz0.02,1,0.026,0.999208,,
rf,II.8.7__nz0,1,0.118,0.981991,,
gbrt,II.8.7__nz0,1,0.027,0.99935,,
rf,II.8.7__nz0.01,1,0.12,0.981553,,
gbrt,II.8.7__nz0.01,1,0.027,0.999405,,
rf,II.8.7__nz0.02,1,0.117,0.981557,,
gbrt,II.8.7__nz0.02,1,0.025,0.9993,,
rf,II.8.31__nz0,1,0.115,0.997641,,
gbrt,II.8.31__nz0,1,0.025,0.999689,,
rf,II.8.31__nz0.01,1,0.117,0.997621,,
gbrt,II.8.31__nz0.01,1,0.025,0.999692,,
rf,II.8.31__nz0.02,1,0.126,0.99757,,
gbrt,II.8.31__nz0.02,1,0.028,0.99968,,
rf,II.10.9__nz0,1,0.13,0.978843,,
gbrt,II.10.9__nz0,1,0.027,0.999211,,
rf,II.10.9__nz0.01,1,0.125,0.978723,,
gbrt,II.10.9__nz0.01,1,0.027,0.999184,,
rf,II.10.9__nz0.02,1,0.118,0.979176,,
gbrt,II.10.9__nz0.02,1,0.03,0.999105,,
rf,II.11.3__nz0,1,0.125,0.970751,,
gbrt,II.11.3__nz0,1,0.028,0.999458,,
rf,II.11.3__nz0.01,1,0.126,0.970299,,
gbrt,II.11.3__nz0.01,1,0.028,0.999438,,
rf,II.11.3__nz0.02,1,0.132,0.970248,,
gbrt,II.11.3__nz0.02,1,0.028,0.999466,,
rf,II.11.17__nz0,1,0.128,0.973858,,
gbrt,II.11.17__nz0,1,0.029,0.998916,,
rf,II.11.17__nz0.01,1,0.127,0.973659,,
gbrt,II.11.17__nz0.01,1,0.029,0.998821,,
rf,II.11.17__nz0.02,1,0.128,0.97344,,
gbrt,II.11.17__nz0.02,1,0.029,0.998871,,
rf,II.11.20__nz0,1,0.128,0.958931,,
gbrt,II.11.20__nz0,1,0.029,0.999495,,
rf,II.11.20__nz0.01,1,0.141,0.958112,,
gbrt,II.11.20__nz0.01,1,0.032,0.99956,,
rf,II.11.20__nz0.02,1,0.142,0.958432,,
gbrt,II.11.20__nz0.02,1,0.033,0.99949,,
rf,II.11.27__nz0,1,0.141,0.985087,,
gbrt,II.11.27__nz0,1,0.033,0.999369,,
rf,II.11.27__nz0.01,1,0.138,0.98482,,
gbrt,II.11.27__nz0.01,1,0.03,0.999242,,
rf,II.11.27__nz0.02,1,0.128,0.984582,,
gbrt,II.11.27__nz0.02,1,0.032,0.99939,,
rf,II.11.28__nz0,1,0.132,0.996905,,
gbrt,II.11.28__nz0,1,0.029,0.99968,,
rf,II.11.28__nz0.01,1,0.123,0.996828,,
gbrt,II.11.28__nz0.01,1,0.026,0.999687,,
rf,II.11.28__nz0.02,1,0.119,0.996808,,
gbrt,II.11.28__nz0.02,1,0.026,0.999671,,
rf,II.13.17__nz0,1,0.132,0.96078,,
gbrt,II.13.17__nz0,1,0.028,0.999848,,
rf,II.13.17__nz0.01,1,0.123,0.96317,,
gbrt,II.13.17__nz0.01,1,0.029,0.999883,,
rf,II.13.17__nz0.02,1,0.131,0.96065,,
gbrt,II.13.17__nz0.02,1,0.029,0.999818,,
rf,II.13.23__nz0,1,0.121,0.998747,,
gbrt,II.13.23__nz0,1,0.027,0.999913,,
rf,II.13.23__nz0.01,1,0.118,0.998761,,
gbrt,II.13.23__nz0.01,1,0.027,0.999912,,
rf,II.13.23__nz0.02,1,0.132,0.998707,,
gbrt,II.13.23__nz0.02,1,0.03,0.99993,,
rf,II.13.34__nz0,1,0.131,0.996754,,
gbrt,II.13.34__nz0,1,0.028,0.999731,,
rf,II.13.34__nz0.01,1,0.122,0.996765,,
gbrt,II.13.34__nz0.01,1,0.027,0.999714,,
rf,II.13.34__nz0.02,1,0.125,0.996767,,
gbrt,II.13.34__nz0.02,1,0.027,0.99968,,
rf,II.15.4__nz0,1,0.117,0.973259,,
gbrt,II.15.4__nz0,1,0.029,0.997683,,
rf,II.15.4__nz0.01,1,0.118,0.972678,,
gbrt,II.15.4__nz0.01,1,0.026,0.997537,,
rf,II.15.4__nz0.02,1,0.128,0.97043,,
gbrt,II.15.4__nz0.02,1,0.027,0.997603,,
rf,II.15.5__nz0,1,0.128,0.973259,,
gbrt,II.15.5__nz0,1,0.027,0.997683,,
rf,II.15.5__nz0.01,1,0.122,0.972678,,
gbrt,II.15.5__nz0.01,1,0.027,0.997537,,
rf,II.15.5__nz0.02,1,0.121,0.97043,,
gbrt,II.15.5__nz0.02,1,0.026,0.997603,,
rf,II.21.32__nz0,1,0.128,0.961889,,
gbrt,II.21.32__nz0,1,0.029,0.999627,,
rf,II.21.32__nz0.01,1,0.126,0.961663,,
gbrt,II.21.32__nz0.01,1,0.028,0.999623,,
rf,II.21.32__nz0.02,1,0.134,0.962064,,
gbrt,II.21.32__nz0.02,1,0.029,0.999564,,
rf,II.24.17__nz0,1,0.12,0.993456,,
gbrt,II.24.17__nz0,1,0.027,0.999259,,
rf,II.24.17__nz0.01,1,0.122,0.993349,,
gbrt,II.24.17__nz0.01,1,0.027,0.999289,,
rf,II.24.17__nz0.02,1,0.116,0.9934,,
gbrt,II.24.17__nz0.02,1,0.026,0.999303,,
rf,II.27.16__nz0,1,0.118,0.986132,,
gbrt,II.27.16__nz0,1,0.025,0.99974,,
rf,II.27.16__nz0.01,1,0.125,0.986194,,
gbrt,II.27.16__nz0.01,1,0.026,0.999608,,
rf,II.27.16__nz0.02,1,0.118,0.986244,,
gbrt,II.27.16__nz0.02,1,0.026,0.999637,,
rf,II.27.18__nz0,1,0.118,0.997641,,
gbrt,II.27.18__nz0,1,0.03,0.999689,,
rf,II.27.18__nz0.01,1,0.123,0.997621,,
gbrt,II.27.18__nz0.01,1,0.026,0.999692,,
rf,II.27.18__nz0.02,1,0.125,0.99757,,
gbrt,II.27.18__nz0.02,1,0.027,0.99968,,
rf,II.34.2a__nz0,1,0.131,0.983161,,
gbrt,II.34.2a__nz0,1,0.028,0.999509,,
rf,II.34.2a__nz0.01,1,0.157,0.98322,,
gbrt,II.34.2a__nz0.01,1,0.032,0.999565,,
rf,II.34.2a__nz0.02,1,0.144,0.983524,,
gbrt,II.34.2a__nz0.02,1,0.031,0.99959,,
rf,II.34.2__nz0,1,0.139,0.989828,,
gbrt,II.34.2__nz0,1,0.028,0.999521,,
rf,II.34.2__nz0.01,1,0.122,0.990096,,
gbrt,II.34.2__nz0.01,1,0.026,0.999467,,
rf,II.34.2__nz0.02,1,0.124,0.989762,,
gbrt,II.34.2__nz0.02,1,0.027,0.999414,,
rf,II.34.11__nz0,1,0.125,0.968322,,
gbrt,II.34.11__nz0,1,0.028,0.999478,,
rf,II.34.11__nz0.01,1,0.123,0.968466,,
gbrt,II.34.11__nz0.01,1,0.028,0.999457,,
rf,II.34.11__nz0.02,1,0.124,0.968028,,
gbrt,II.34.11__nz0.02,1,0.029,0.999228,,
rf,II.34.29a__nz0,1,0.125,0.983161,,
gbrt,II.34.29a__nz0,1,0.027,0.999509,,
rf,II.34.29a__nz0.01,1,0.124,0.98322,,
gbrt,II.34.29a__nz0.01,1,0.027,0.999565,,
rf,II.34.29a__nz0.02,1,0.123,0.983524,,
gbrt,II.34.29a__nz0.02,1,0.026,0.99959,,
rf,II.34.29b__nz0,1,0.132,0.949836,,
gbrt,II.34.29b__nz0,1,0.028,0.998844,,
rf,II.34.29b__nz0.01,1,0.129,0.949617,,
gbrt,II.34.29b__nz0.01,1,0.028,0.998738,,
rf,II.34.29b__nz0.02,1,0.127,0.949882,,
gbrt,II.34.29b__nz0.02,1,0.03,0.998897,,
rf,II.35.18__nz0,1,0.129,0.973744,,
gbrt,II.35.18__nz0,1,0.029,0.999249,,
rf,II.35.18__nz0.01,1,0.128,0.973758,,
gbrt,II.35.18__nz0.01,1,0.033,0.999168,,
rf,II.35.18__nz0.02,1,0.146,0.974325,,
gbrt,II.35.18__nz0.02,1,0.033,0.999318,,
rf,II.35.21__nz0,1,0.124,0.985114,,
gbrt,II.35.21__nz0,1,0.028,0.999309,,
rf,II.35.21__nz0.01,1,0.129,0.985172,,
gbrt,II.35.21__nz0.01,1,0.028,0.999211,,
rf,II.35.21__nz0.02,1,0.133,0.984715,,
gbrt,II.35.21__nz0.02,1,0.027,0.999096,,
rf,II.36.38__nz0,1,0.136,0.96232,,
gbrt,II.36.38__nz0,1,0.032,0.999611,,
rf,II.36.38__nz0.01,1,0.138,0.964214,,
gbrt,II.36.38__nz0.01,1,0.032,0.999517,,
rf,II.36.38__nz0.02,1,0.136,0.963506,,
gbrt,II.36.38__nz0.02,1,0.032,0.999663,,
rf,II.37.1__nz0,1,0.121,0.990232,,
gbrt,II.37.1__nz0,1,0.027,0.999339,,
rf,II.37.1__nz0.01,1,0.12,0.990347,,
gbrt,II.37.1__nz0.01,1,0.027,0.999258,,
rf,II.37.1__nz0.02,1,0.124,0.990246,,
gbrt,II.37.1__nz0.02,1,0.054,0.999279,,
rf,II.38.3__nz0,1,0.175,0.9628,,
gbrt,II.38.3__nz0,1,0.045,0.999435,,
rf,II.38.3__nz0.01,1,0.144,0.963036,,
gbrt,II.38.3__nz0.01,1,0.028,0.999346,,
rf,II.38.3__nz0.02,1,0.128,0.963015,,
gbrt,II.38.3__nz0.02,1,0.029,0.999459,,
rf,II.38.14__nz0,1,0.13,0.994497,,
gbrt,II.38.14__nz0,1,0.024,0.999402,,
rf,II.38.14__nz0.01,1,0.117,0.994485,,
gbrt,II.38.14__nz0.01,1,0.027,0.999366,,
rf,II.38.14__nz0.02,1,0.122,0.994518,,
gbrt,II.38.14__nz0.02,1,0.026,0.999398,,
rf,III.4.32__nz0,1,0.154,0.965633,,
gbrt,III.4.32__nz0,1,0.03,0.99956,,
rf,III.4.32__nz0.01,1,0.131,0.966368,,
gbrt,III.4.32__nz0.01,1,0.027,0.999516,,
rf,III.4.32__nz0.02,1,0.126,0.966091,,
gbrt,III.4.32__nz0.02,1,0.029,0.999435,,
rf,III.4.33__nz0,1,0.134,0.996209,,
gbrt,III.4.33__nz0,1,0.031,0.999711,,
rf,III.4.33__nz0.01,1,0.121,0.996242,,
gbrt,III.4.33__nz0.01,1,0.027,0.999705,,
rf,III.4.33__nz0.02,1,0.124,0.996061,,
gbrt,III.4.33__nz0.02,1,0.03,0.999663,,
rf,III.7.38__nz0,1,0.137,0.983279,,
gbrt,III.7.38__nz0,1,0.031,0.999509,,
rf,III.7.38__nz0.01,1,0.129,0.983124,,
gbrt,III.7.38__nz0.01,1,0.026,0.999565,,
rf,III.7.38__nz0.02,1,0.119,0.983289,,
gbrt,III.7.38__nz0.02,1,0.026,0.99959,,
rf,III.8.54__nz0,1,0.12,0.862762,,
gbrt,III.8.54__nz0,1,0.028,0.931339,,
rf,III.8.54__nz0.01,1,0.126,0.862831,,
gbrt,III.8.54__nz0.01,1,0.026,0.926617,,
rf,III.8.54__nz0.02,1,0.124,0.86359,,
gbrt,III.8.54__nz0.02,1,0.031,0.936002,,
rf,III.9.52__nz0,1,0.146,0.900451,,
gbrt,III.9.52__nz0,1,0.03,0.991314,,
rf,III.9.52__nz0.01,1,0.132,0.90158,,
gbrt,III.9.52__nz0.01,1,0.03,0.99196,,
rf,III.9.52__nz0.02,1,0.132,0.900737,,
gbrt,III.9.52__nz0.02,1,0.029,0.991775,,
rf,III.10.19__nz0,1,0.122,0.991067,,
gbrt,III.10.19__nz0,1,0.028,0.999588,,
rf,III.10.19__nz0.01,1,0.121,0.991094,,
gbrt,III.10.19__nz0.01,1,0.026,0.999567,,
rf,III.10.19__nz0.02,1,0.125,0.990824,,
gbrt,III.10.19__nz0.02,1,0.028,0.999535,,
rf,III.12.43__nz0,1,0.125,0.9982,,
gbrt,III.12.43__nz0,1,0.025,0.999749,,
rf,III.12.43__nz0.01,1,0.115,0.998218,,
gbrt,III.12.43__nz0.01,1,0.026,0.99972,,
rf,III.12.43__nz0.02,1,0.114,0.998239,,
gbrt,III.12.43__nz0.02,1,0.024,0.999708,,
rf,III.13.18__nz0,1,0.12,0.969642,,
gbrt,III.13.18__nz0,1,0.028,0.999311,,
rf,III.13.18__nz0.01,1,0.129,0.969419,,
gbrt,III.13.18__nz0.01,1,0.027,0.999346,,
rf,III.13.18__nz0.02,1,0.127,0.969803,,
gbrt,III.13.18__nz0.02,1,0.029,0.999467,,
rf,III.14.14__nz0,1,0.131,0.961214,,
gbrt,III.14.14__nz0,1,0.028,0.999455,,
rf,III.14.14__nz0.01,1,0.124,0.960049,,
gbrt,III.14.14__nz0.01,1,0.029,0.999446,,
rf,III.14.14__nz0.02,1,0.129,0.959842,,
gbrt,III.14.14__nz0.02,1,0.029,0.999533,,
rf,III.15.12__nz0,1,0.126,0.842776,,
gbrt,III.15.12__nz0,1,0.028,0.936001,,
rf,III.15.12__nz0.01,1,0.123,0.839927,,
gbrt,III.15.12__nz0.01,1,0.026,0.942238,,
rf,III.15.12__nz0.02,1,0.12,0.841853,,
gbrt,III.15.12__nz0.02,1,0.027,0.941148,,
rf,III.15.14__nz0,1,0.116,0.963933,,
gbrt,III.15.14__nz0,1,0.026,0.999556,,
rf,III.15.14__nz0.01,1,0.126,0.964495,,
gbrt,III.15.14__nz0.01,1,0.027,0.999497,,
rf,III.15.14__nz0.02,1,0.13,0.965288,,
gbrt,III.15.14__nz0.02,1,0.028,0.999564,,
rf,III.15.27__nz0,1,0.12,0.973981,,
gbrt,III.15.27__nz0,1,0.026,0.999183,,
rf,III.15.27__nz0.01,1,0.123,0.973941,,
gbrt,III.15.27__nz0.01,1,0.026,0.999214,,
rf,III.15.27__nz0.02,1,0.121,0.97419,,
gbrt,III.15.27__nz0.02,1,0.031,0.999044,,
rf,III.17.37__nz0,1,0.14,0.973834,,
gbrt,III.17.37__nz0,1,0.03,0.996308,,
rf,III.17.37__nz0.01,1,0.145,0.974428,,
gbrt,III.17.37__nz0.01,1,0.032,0.997068,,
rf,III.17.37__nz0.02,1,0.157,0.974673,,
gbrt,III.17.37__nz0.02,1,0.031,0.996683,,
rf,III.19.51__nz0,1,0.147,0.881453,,
gbrt,III.19.51__nz0,1,0.029,0.999908,,
rf,III.19.51__nz0.01,1,0.184,0.883108,,
gbrt,III.19.51__nz0.01,1,0.031,0.999838,,
rf,III.19.51__nz0.02,1,0.138,0.879159,,
gbrt,III.19.51__nz0.02,1,0.031,0.999811,,
rf,III.21.20__nz0,1,0.13,0.968322,,
gbrt,III.21.20__nz0,1,0.027,0.999478,,
rf,III.21.20__nz0.01,1,0.124,0.967854,,
gbrt,III.21.20__nz0.01,1,0.026,0.999401,,
rf,III.21.20__nz0.02,1,0.121,0.968345,,
gbrt,III.21.20__nz0.02,1,0.029,0.999195,,
