method,tag,n_in,n_ex,source
gbrt,I.10.7__nz0.01,0.06617047738405746,0.34491448753863513,baseline
gbrt,I.10.7__nz0.02,0.06563404751692141,0.3431278077342184,baseline
gbrt,I.10.7__nz0,0.06430299322863105,0.3471940787622709,baseline
gbrt,I.11.19__nz0.01,0.41012390604655447,0.7100563727761878,baseline
gbrt,I.11.19__nz0.02,0.4047965880708177,0.6962837503601351,baseline
gbrt,I.11.19__nz0,0.4133241923207809,0.7066134001111264,baseline
gbrt,I.12.11__nz0.01,0.4017042103418386,0.5894884830339182,baseline
gbrt,I.12.11__nz0.02,0.40051779565791706,0.5812437838600554,baseline
gbrt,I.12.11__nz0,0.39748275971858804,0.5847335624810093,baseline
gbrt,I.12.1__nz0.01,0.14154835341994718,0.3740626373166081,baseline
gbrt,I.12.1__nz0.02,0.14445115197819342,0.37471203683184434,baseline
gbrt,I.12.1__nz0,0.14200503066050357,0.3729271204497224,baseline
gbrt,I.12.2__nz0.01,0.5190863124412812,0.5465858798145705,baseline
gbrt,I.12.2__nz0.02,0.495351577687351,0.54334337300195,baseline
gbrt,I.12.2__nz0,0.5233711269790532,0.5389605977551882,baseline
gbrt,I.12.4__nz0.01,0.4054765985836139,0.527519402905424,baseline
gbrt,I.12.4__nz0.02,0.4219267688723003,0.5316348168568722,baseline
gbrt,I.12.4__nz0,0.4146036262826125,0.5236374196083614,baseline
gbrt,I.12.5__nz0.01,0.14154835341994718,0.3740626373166081,baseline
gbrt,I.12.5__nz0.02,0.14445115197819342,0.37471203683184434,baseline
gbrt,I.12.5__nz0,0.14200503066050357,0.3729271204497224,baseline
gbrt,I.13.12__nz0.01,0.5453953243919573,0.6161675953926924,baseline
gbrt,I.13.12__nz0.02,0.5465066235083258,0.6152100735096511,baseline
gbrt,I.13.12__nz0,0.5405152102992202,0.6116215902260849,baseline
gbrt,I.13.4__nz0.01,0.27497181913703717,0.6483890208805797,baseline
gbrt,I.13.4__nz0.02,0.2558888098513781,0.645171452013004,baseline
gbrt,I.13.4__nz0,0.2744504444864903,0.6504969805611539,baseline
gbrt,I.14.3__nz0.01,0.25159334962745145,0.48238663523082537,baseline
gbrt,I.14.3__nz0.02,0.26049907294097824,0.4785288249696254,baseline
gbrt,I.14.3__nz0,0.2554516200956281,0.4883302568941874,baseline
gbrt,I.14.4__nz0.01,0.1576330148726359,0.4729644499329018,baseline
gbrt,I.14.4__nz0.02,0.15325202470941343,0.47022773956941144,baseline
gbrt,I.14.4__nz0,0.153232549752095,0.4714997162038556,baseline
gbrt,I.15.1__nz0.01,0.14099990695218706,0.4859056470705758,baseline
gbrt,I.15.1__nz0.02,0.136066226448995,0.485227401010653,baseline
gbrt,I.15.1__nz0,0.13458773204691776,0.48831104854153984,baseline
gbrt,I.15.3t__nz0.01,0.10402736872619801,nan,baseline
gbrt,I.15.3t__nz0.02,0.1046928861543632,nan,baseline
gbrt,I.15.3t__nz0,0.10444937910360638,nan,baseline
gbrt,I.15.3x__nz0.01,0.20476513084976036,0.47796562985689633,baseline
gbrt,I.15.3x__nz0.02,0.19787704474794876,0.47918989051092475,baseline
gbrt,I.15.3x__nz0,0.2020598582707503,0.4738709488772055,baseline
gbrt,I.16.6__nz0.01,0.18133371559097838,0.2965948080007178,baseline
gbrt,I.16.6__nz0.02,0.18531768867031162,0.3021177279908066,baseline
gbrt,I.16.6__nz0,0.177800271397755,0.288871955984883,baseline
gbrt,I.18.12__nz0.01,0.27952415592832036,0.38804178962706226,baseline
gbrt,I.18.12__nz0.02,0.2831573545177117,0.3944739783013892,baseline
gbrt,I.18.12__nz0,0.27729153615868485,0.39293712877395137,baseline
gbrt,I.18.14__nz0.01,0.37763847596718275,0.6267668267559474,baseline
gbrt,I.18.14__nz0.02,0.3758623902820415,0.5955819395215244,baseline
gbrt,I.18.14__nz0,0.3771211262595388,0.6163946684535909,baseline
gbrt,I.18.4__nz0.01,0.25316887695237505,0.4325390996177436,baseline
gbrt,I.18.4__nz0.02,0.2555357100475791,0.44909563746934494,baseline
gbrt,I.18.4__nz0,0.25227075102694235,0.42526497796577034,baseline
gbrt,I.24.6__nz0.01,0.3191880640594099,0.7293267020256076,baseline
gbrt,I.24.6__nz0.02,0.3289017975338418,0.7422494436205815,baseline
gbrt,I.24.6__nz0,0.35005969941161946,0.7387443098554083,baseline
gbrt,I.25.13__nz0.01,0.2562054039669538,0.3515573760283264,baseline
gbrt,I.25.13__nz0.02,0.25055955490844717,0.3403961885710083,baseline
gbrt,I.25.13__nz0,0.26020820699201774,0.35114937899610643,baseline
gbrt,I.26.2__nz0.01,0.14392403874426196,nan,baseline
gbrt,I.26.2__nz0.02,0.1440138346719232,nan,baseline
gbrt,I.26.2__nz0,0.14493933351882146,nan,baseline
gbrt,I.27.6__nz0.01,0.2565666517275737,0.3465580751697396,baseline
gbrt,I.27.6__nz0.02,0.2592438016900914,0.35020937549273556,baseline
gbrt,I.27.6__nz0,0.2553765630439855,0.3475172979116034,baseline
gbrt,I.29.16__nz0.01,0.7857498841156448,0.8349974971268941,baseline
gbrt,I.29.16__nz0.02,0.7561281411638603,0.7890785750694129,baseline
gbrt,I.29.16__nz0,0.7244686430997149,0.7766912621775093,baseline
gbrt,I.29.4__nz0.01,0.3213828061517599,0.3433104540510594,baseline
gbrt,I.29.4__nz0.02,0.316562250019173,0.33833373054507765,baseline
gbrt,I.29.4__nz0,0.3185922248557123,0.3431077415717821,baseline
gbrt,I.30.3__nz0.01,0.7751997241016779,1.0075244216295323,baseline
gbrt,I.30.3__nz0.02,0.7682964686493146,1.0075112950616154,baseline
gbrt,I.30.3__nz0,0.7691961617943707,1.0075117823652566,baseline
gbrt,I.30.5__nz0.01,0.2840708302099166,0.4760277282762742,baseline
gbrt,I.30.5__nz0.02,0.2940749376558207,0.4771242454071388,baseline
gbrt,I.30.5__nz0,0.30060312098133773,0.4784171205811136,baseline
gbrt,I.32.17__nz0.01,0.7820564949822699,1.0089804776935976,baseline
gbrt,I.32.17__nz0.02,0.7830131116416926,1.0089806349490498,baseline
gbrt,I.32.17__nz0,0.7831464975648174,1.008980353310007,baseline
gbrt,I.32.5__nz0.01,0.8680634476361088,0.6895031970335838,baseline
gbrt,I.32.5__nz0.02,0.8476437640033758,0.68609136488618,baseline
gbrt,I.32.5__nz0,0.8700001471510368,0.6768301456929642,baseline
gbrt,I.34.14__nz0.01,0.15096367223323492,nan,baseline
gbrt,I.34.14__nz0.02,0.1515057073000031,nan,baseline
gbrt,I.34.14__nz0,0.14812763596707015,nan,baseline
gbrt,I.34.1__nz0.01,0.2003468344163343,1.0080854507054002,baseline
gbrt,I.34.1__nz0.02,0.20412827595390207,1.008369063265153,baseline
gbrt,I.34.1__nz0,0.20148754251473924,1.008468872071235,baseline
gbrt,I.34.27__nz0.01,0.14154835341994731,0.3740626373166082,baseline
gbrt,I.34.27__nz0.02,0.14445115197819314,0.3747120368318441,baseline
gbrt,I.34.27__nz0,0.14200503066050355,0.3729271204497222,baseline
gbrt,I.34.8__nz0.01,0.31940345465237263,0.5461473871943981,baseline
gbrt,I.34.8__nz0.02,0.3215339459639881,0.5374369324704826,baseline
gbrt,I.34.8__nz0,0.3046467481572353,0.5558655903524788,baseline
gbrt,I.37.4__nz0.01,0.27624640801190514,0.5447873506324954,baseline
gbrt,I.37.4__nz0.02,0.27882695264016366,0.5418130390324264,baseline
gbrt,I.37.4__nz0,0.2876371197827224,0.554647009493371,baseline
gbrt,I.38.12__nz0.01,0.6032793710411904,0.9192547137635816,baseline
gbrt,I.38.12__nz0.02,0.6159979532173906,0.9246603858040817,baseline
gbrt,I.38.12__nz0,0.59900673675088,0.9227052554278218,baseline
gbrt,I.39.11__nz0.01,0.319261544042888,0.790814479649554,baseline
gbrt,I.39.11__nz0.02,0.3276682049033247,0.8023074984978528,baseline
gbrt,I.39.11__nz0,0.32133248919248025,0.7916232999356303,baseline
gbrt,I.39.1__nz0.01,0.14154835341994718,0.3740626373166082,baseline
gbrt,I.39.1__nz0.02,0.14448770774952432,0.3747120368318446,baseline
gbrt,I.39.1__nz0,0.1420050306605037,0.37292712044972276,baseline
gbrt,I.39.22__nz0.01,0.5170322258396779,0.6021046668956342,baseline
gbrt,I.39.22__nz0.02,0.5079098390418434,0.6174169503609633,baseline
gbrt,I.39.22__nz0,0.5205125857215968,0.603885674563417,baseline
gbrt,I.40.1__nz0.01,0.5728785719927015,0.6236360650748914,baseline
gbrt,I.40.1__nz0.02,0.5717123517914245,0.6255228668439768,baseline
gbrt,I.40.1__nz0,0.5704714057477105,0.6222667231102293,baseline
gbrt,I.41.16__nz0.01,0.8187981529511813,0.7359050878584982,baseline
gbrt,I.41.16__nz0.02,0.8068875914443322,0.7396292308571446,baseline
gbrt,I.41.16__nz0,0.8243259484030987,0.72841459237495,baseline
gbrt,I.43.16__nz0.01,0.31940345465237263,0.5461473871943981,baseline
gbrt,I.43.16__nz0.02,0.3215339459639881,0.5374369324704826,baseline
gbrt,I.43.16__nz0,0.3046467481572353,0.5558655903524788,baseline
gbrt,I.43.31__nz0.01,0.2515933496274514,0.48238663523082537,baseline
gbrt,I.43.31__nz0.02,0.2604990729409783,0.47852882496962523,baseline
gbrt,I.43.31__nz0,0.2554516200956282,0.4883302568941876,baseline
gbrt,I.43.43__nz0.01,0.5110097114449514,0.6568097738899186,baseline
gbrt,I.43.43__nz0.02,0.5078194546121931,0.6791806436388695,baseline
gbrt,I.43.43__nz0,0.49422018299731885,0.6385744959163109,baseline
gbrt,I.44.4__nz0.01,0.6648476426715013,0.6882815203159354,baseline
gbrt,I.44.4__nz0.02,0.6684789828938686,0.6741902474136783,baseline
gbrt,I.44.4__nz0,0.6931735517838434,0.6824070513438382,baseline
gbrt,I.47.23__nz0.01,0.20579389816461677,0.33236447416025433,baseline
gbrt,I.47.23__nz0.02,0.22593941677987928,0.3306978638318347,baseline
gbrt,I.47.23__nz0,0.20800858393988433,0.33198819900446563,baseline
gbrt,I.48.2__nz0.01,0.15358352787500304,0.4481048586145565,baseline
gbrt,I.48.2__nz0.02,0.1480873653362431,0.4445910609122101,baseline
gbrt,I.48.2__nz0,0.16159579425987758,0.446844893267488,baseline
gbrt,I.50.26__nz0.01,0.7422120309618243,1.0483865701788146,baseline
gbrt,I.50.26__nz0.02,0.7498450261938284,1.0374675712661585,baseline
gbrt,I.50.26__nz0,0.7259410633384523,1.0561560542529898,baseline
gbrt,I.6.2__nz0.01,0.15547781563264246,0.3113979786220614,baseline
gbrt,I.6.2__nz0.02,0.16010092197614542,0.31232943946350383,baseline
gbrt,I.6.2__nz0,0.1616315729194925,0.31412952018540247,baseline
gbrt,I.6.2a__nz0.01,0.022669521131931943,0.1676742080899112,baseline
gbrt,I.6.2a__nz0.02,0.026873220009115715,0.1672004366384888,baseline
gbrt,I.6.2a__nz0,0.02102436310980718,0.16852555835058688,baseline
gbrt,I.6.2b__nz0.01,0.49232028198502426,0.7508509988855738,baseline
gbrt,I.6.2b__nz0.02,0.499053054066763,0.7474342906293815,baseline
gbrt,I.6.2b__nz0,0.4717842289464303,0.7242693714745706,baseline
gbrt,I.8.14__nz0.01,0.5617107072017116,0.8724592103028557,baseline
gbrt,I.8.14__nz0.02,0.5712840398445685,0.8340548564166228,baseline
gbrt,I.8.14__nz0,0.5700495549167741,0.869576309827088,baseline
gbrt,I.9.18__nz0.01,0.5272681427287395,0.906543295962114,baseline
gbrt,I.9.18__nz0.02,0.521853044230835,0.9046950302413099,baseline
gbrt,I.9.18__nz0,0.5158176610011865,0.8969959301834312,baseline
gbrt,II.10.9__nz0.01,0.3227403441786044,0.42770124080958843,baseline
gbrt,II.10.9__nz0.02,0.32905647545229044,0.426645243800699,baseline
gbrt,II.10.9__nz0,0.3385632180518441,0.44292578302884184,baseline
gbrt,II.11.17__nz0.01,0.47754049672537446,0.6602137551731551,baseline
gbrt,II.11.17__nz0.02,0.4662116871507471,0.6632208635471423,baseline
gbrt,II.11.17__nz0,0.4716031278461911,0.6730760554390186,baseline
gbrt,II.11.20__nz0.01,0.5804124982797221,0.7546285257212656,baseline
gbrt,II.11.20__nz0.02,0.5938718653123096,0.7677327337948285,baseline
gbrt,II.11.20__nz0,0.59926317724229,0.7807862584719307,baseline
gbrt,II.11.27__nz0.01,0.3617452713093303,0.6837427923136196,baseline
gbrt,II.11.27__nz0.02,0.36309744038944275,0.6811213158236789,baseline
gbrt,II.11.27__nz0,0.3600297824897564,0.6826493092282166,baseline
gbrt,II.11.28__nz0.01,0.1602370852242405,0.4435850010889997,baseline
gbrt,II.11.28__nz0.02,0.15451245063259567,0.4452697140986507,baseline
gbrt,II.11.28__nz0,0.15926155510039505,0.4406257099882709,baseline
gbrt,II.11.3__nz0.01,0.4012577727133833,1.0038971840498427,baseline
gbrt,II.11.3__nz0.02,0.4013208170217189,1.0042938315325987,baseline
gbrt,II.11.3__nz0,0.3946283453898695,1.0041894578463368,baseline
gbrt,II.13.17__nz0.01,0.5051940131465787,0.7017521424108359,baseline
gbrt,II.13.17__nz0.02,0.5017634950716973,0.6933381753773021,baseline
gbrt,II.13.17__nz0,0.5076202314869569,0.7007743518016576,baseline
gbrt,II.13.23__nz0.01,0.06617047738405746,0.34491448753863513,baseline
gbrt,II.13.23__nz0.02,0.06563404751692141,0.3431278077342184,baseline
gbrt,II.13.23__nz0,0.06430299322863105,0.3471940787622709,baseline
gbrt,II.13.34__nz0.01,0.14099990695218706,0.4859056470705758,baseline
gbrt,II.13.34__nz0.02,0.136066226448995,0.485227401010653,baseline
gbrt,II.13.34__nz0,0.13458773204691776,0.48831104854153984,baseline
gbrt,II.15.4__nz0.01,0.39933976753369976,0.6702563292175845,baseline
gbrt,II.15.4__nz0.02,0.3960147925632004,0.6756308109236541,baseline
gbrt,II.15.4__nz0,0.40385070655235356,0.6727676805367194,baseline
gbrt,II.15.5__nz0.01,0.39933976753369976,0.6702563292175845,baseline
gbrt,II.15.5__nz0.02,0.3960147925632004,0.6756308109236541,baseline
gbrt,II.15.5__nz0,0.40385070655235356,0.6727676805367194,baseline
gbrt,II.2.42__nz0.01,0.44777078166313067,0.5711536802253844,baseline
gbrt,II.2.42__nz0.02,0.4559129334878575,0.5753736393734236,baseline
gbrt,II.2.42__nz0,0.4510639202268507,0.5688954332708273,baseline
gbrt,II.21.32__nz0.01,0.46665425977866276,0.5607861219406248,baseline
gbrt,II.21.32__nz0.02,0.46805336921645474,0.5586817133455602,baseline
gbrt,II.21.32__nz0,0.4612775500523818,0.5617343986288954,baseline
gbrt,II.24.17__nz0.01,0.19051980765006712,0.48147953195436094,baseline
gbrt,II.24.17__nz0.02,0.19376013016213056,0.4787233821323056,baseline
gbrt,II.24.17__nz0,0.1897854439772936,0.4815001428014699,baseline
gbrt,II.27.16__nz0.01,0.3384905792455673,0.5255023222820262,baseline
gbrt,II.27.16__nz0.02,0.3244716464825693,0.5382829630738035,baseline
gbrt,II.27.16__nz0,0.3199572628291326,0.5234139376892658,baseline
gbrt,II.27.18__nz0.01,0.1576330148726359,0.4729644499329018,baseline
gbrt,II.27.18__nz0.02,0.15325202470941343,0.47022773956941144,baseline
gbrt,II.27.18__nz0,0.153232549752095,0.4714997162038556,baseline
gbrt,II.3.24__nz0.01,0.3047820684530347,0.45724445496312666,baseline
gbrt,II.3.24__nz0.02,0.2993927611448939,0.45545303281561944,baseline
gbrt,II.3.24__nz0,0.2972702835340463,0.44770891342590924,baseline
gbrt,II.34.11__nz0.01,0.31940345465237263,0.5461473871943981,baseline
gbrt,II.34.11__nz0.02,0.3215339459639881,0.5374369324704826,baseline
gbrt,II.34.11__nz0,0.3046467481572353,0.5558655903524788,baseline
gbrt,II.34.29a__nz0.01,0.2870765464376587,0.4673853992877111,baseline
gbrt,II.34.29a__nz0.02,0.2704899718719718,0.46042879634476164,baseline
gbrt,II.34.29a__nz0,0.25969239324076665,0.4653037326220704,baseline
gbrt,II.34.29b__nz0.01,0.533564991272355,0.6545447382686127,baseline
gbrt,II.34.29b__nz0.02,0.5363501351039699,0.6658180812704098,baseline
gbrt,II.34.29b__nz0,0.548646535442101,0.6520467788542961,baseline
gbrt,II.34.2__nz0.01,0.25159334962745145,0.48238663523082537,baseline
gbrt,II.34.2__nz0.02,0.26049907294097824,0.4785288249696254,baseline
gbrt,II.34.2__nz0,0.2554516200956281,0.4883302568941874,baseline
gbrt,II.34.2a__nz0.01,0.2870765464376587,0.4673853992877111,baseline
gbrt,II.34.2a__nz0.02,0.2704899718719718,0.46042879634476164,baseline
gbrt,II.34.2a__nz0,0.25969239324076665,0.4653037326220704,baseline
gbrt,II.35.18__nz0.01,0.36450112240221794,0.4595279234489078,baseline
gbrt,II.35.18__nz0.02,0.363512526230691,0.47365996757858714,baseline
gbrt,II.35.18__nz0,0.35150365163942987,0.45430922432997256,baseline
gbrt,II.35.21__nz0.01,0.3298811098509029,0.4582758361352103,baseline
gbrt,II.35.21__nz0.02,0.3182187979290602,0.44897148561805467,baseline
gbrt,II.35.21__nz0,0.31959435791773066,0.45394128528693345,baseline
gbrt,II.36.38__nz0.01,0.5375924046642304,0.6878047222866117,baseline
gbrt,II.36.38__nz0.02,0.5188831268286154,0.6889724960770435,baseline
gbrt,II.36.38__nz0,0.5185826381021156,0.6988963349578828,baseline
gbrt,II.37.1__nz0.01,0.23627055829576848,0.4786165952579756,baseline
gbrt,II.37.1__nz0.02,0.24248593742164196,0.4797178439980007,baseline
gbrt,II.37.1__nz0,0.23925683811610823,0.4829533645967526,baseline
gbrt,II.38.14__nz0.01,0.212104549821602,0.32340074079374254,baseline
gbrt,II.38.14__nz0.02,0.21271634527237543,0.32403717771894747,baseline
gbrt,II.38.14__nz0,0.21910167807943978,0.32137362931665664,baseline
gbrt,II.38.3__nz0.01,0.4971053747771727,0.588258757234543,baseline
gbrt,II.38.3__nz0.02,0.5118929525622328,0.617916519966231,baseline
gbrt,II.38.3__nz0,0.5239577246565628,0.6089662768517476,baseline
gbrt,II.4.23__nz0.01,0.3944599473874836,0.4326929127437466,baseline
gbrt,II.4.23__nz0.02,0.3947070345003713,0.429028200730174,baseline
gbrt,II.4.23__nz0,0.40352884029379826,0.43125534021764234,baseline
gbrt,II.6.11__nz0.01,0.30824746965359767,0.6441649895218853,baseline
gbrt,II.6.11__nz0.02,0.3137512625810077,0.6553216087885232,baseline
gbrt,II.6.11__nz0,0.3016374568195213,0.6514992459415173,baseline
gbrt,II.6.15a__nz0.01,0.5173234555543853,0.7343480188206598,baseline
gbrt,II.6.15a__nz0.02,0.5016080306049272,0.7324395428544901,baseline
gbrt,II.6.15a__nz0,0.5120973740725498,0.7349273818296659,baseline
gbrt,II.6.15b__nz0.01,1.0995562379597397,1.1847104225578273,baseline
gbrt,II.6.15b__nz0.02,1.108619370462278,1.1885615722015523,baseline
gbrt,II.6.15b__nz0,1.0617639551534452,1.1865603826525066,baseline
gbrt,II.8.31__nz0.01,0.1576330148726359,0.4729644499329018,baseline
gbrt,II.8.31__nz0.02,0.15325202470941343,0.47022773956941144,baseline
gbrt,II.8.31__nz0,0.153232549752095,0.4714997162038556,baseline
gbrt,II.8.7__nz0.01,0.29111683193404136,0.4814940507899609,baseline
gbrt,II.8.7__nz0.02,0.28069044360236944,0.47576210732859386,baseline
gbrt,II.8.7__nz0,0.28426445072086154,0.48533521205687713,baseline
gbrt,III.10.19__nz0.01,0.21278476233818433,0.5106638983686181,baseline
gbrt,III.10.19__nz0.02,0.20616849005614588,0.503643490111484,baseline
gbrt,III.10.19__nz0,0.20671644095980574,0.5028461650187533,baseline
gbrt,III.12.43__nz0.01,0.14154835341994731,0.3740626373166082,baseline
gbrt,III.12.43__nz0.02,0.14445115197819314,0.3747120368318441,baseline
gbrt,III.12.43__nz0,0.14200503066050355,0.3729271204497222,baseline
gbrt,III.13.18__nz0.01,0.4038659414609346,0.6320650992986027,baseline
gbrt,III.13.18__nz0.02,0.3903259239927226,0.6230667250586015,baseline
gbrt,III.13.18__nz0,0.4091272183800685,0.6330228139633708,baseline
gbrt,III.14.14__nz0.01,0.6338911248458123,1.005047778592149,baseline
gbrt,III.14.14__nz0.02,0.6533960485945347,1.0052969480754563,baseline
gbrt,III.14.14__nz0,0.6294378768127606,1.0048770546819936,baseline
gbrt,III.15.12__nz0.01,0.9789153537402494,1.0979822746068646,baseline
gbrt,III.15.12__nz0.02,0.9713540181047041,1.0722223029843363,baseline
gbrt,III.15.12__nz0,0.9866479195479626,1.1004205033047076,baseline
gbrt,III.15.14__nz0.01,0.3669250799809431,0.6028744299985797,baseline
gbrt,III.15.14__nz0.02,0.3726079615653292,0.6037151864648135,baseline
gbrt,III.15.14__nz0,0.3668658099715942,0.6061358939054162,baseline
gbrt,III.15.27__nz0.01,0.3944599473874834,0.4326929127437465,baseline
gbrt,III.15.27__nz0.02,0.39470703450037103,0.429028200730174,baseline
gbrt,III.15.27__nz0,0.40353243561940283,0.43125948411762327,baseline
gbrt,III.17.37__nz0.01,0.37508806645001674,0.6935692342640474,baseline
gbrt,III.17.37__nz0.02,0.40500036185736443,0.690428219584281,baseline
gbrt,III.17.37__nz0,0.37372213078987954,0.6848198693904419,baseline
gbrt,III.19.51__nz0.01,0.836803100037052,1.2240393260131126,baseline
gbrt,III.19.51__nz0.02,1.0125799323822466,1.189231361828198,baseline
gbrt,III.19.51__nz0,0.8092428765389459,1.287079263816743,baseline
gbrt,III.21.20__nz0.01,0.33546164382755617,0.544728911250224,baseline
gbrt,III.21.20__nz0.02,0.3131040393930569,0.5547103750273564,baseline
gbrt,III.21.20__nz0,0.3046467481572353,0.5558655903524788,baseline
gbrt,III.4.32__nz0.01,0.4965688753281977,0.8140813904687569,baseline
gbrt,III.4.32__nz0.02,0.49714320333880707,0.8084118560080665,baseline
gbrt,III.4.32__nz0,0.48862440440331895,0.8080868081535645,baseline
gbrt,III.4.33__nz0.01,0.15545647525158182,0.407433283548889,baseline
gbrt,III.4.33__nz0.02,0.1566158768898163,0.3995031873118636,baseline
gbrt,III.4.33__nz0,0.15672821904662915,0.40800430955303446,baseline
gbrt,III.7.38__nz0.01,0.2870765464376587,0.4673853992877111,baseline
gbrt,III.7.38__nz0.02,0.2704899718719717,0.46042879634476164,baseline
gbrt,III.7.38__nz0,0.25969239324076654,0.46530373262207025,baseline
gbrt,III.8.54__nz0.01,1.1336469088695855,1.2978742417232436,baseline
gbrt,III.8.54__nz0.02,1.131799977033296,1.3211773862412448,baseline
gbrt,III.8.54__nz0,1.1454790796001764,1.2965131668793743,baseline
gbrt,III.9.52__nz0.01,0.8988303459214325,0.9931631573163012,baseline
gbrt,III.9.52__nz0.02,0.9033867408616524,0.984756705383465,baseline
gbrt,III.9.52__nz0,0.9004215713713051,0.9928491344598769,baseline
gp,I.10.7__nz0.01,0.11222740846028086,0.2673513464683264,baseline
gp,I.11.19__nz0.01,0.2478168587528462,0.384999850638664,baseline
gp,I.12.11__nz0.01,0.2623180731629946,0.7130660493514542,baseline
gp,I.12.1__nz0.01,0.0,0.0,baseline
gp,I.12.2__nz0.01,0.7553662157484473,0.8023678230331313,baseline
gp,I.12.4__nz0.01,0.5836841295405732,0.6131139832622565,baseline
gp,I.12.5__nz0.01,0.0,0.0,baseline
gp,I.13.12__nz0.01,0.3218079725080213,0.41729902407061564,baseline
gp,I.13.4__nz0.01,0.1624160584668165,0.26020818748876984,baseline
gp,I.14.3__nz0.01,1.3303051596869017e-16,1.6417235057522656e-16,baseline
gp,I.14.4__nz0.01,0.03246476469209053,0.053324269218381695,baseline
gp,I.15.1__nz0.01,0.023980298669962888,0.14383637185409578,baseline
gp,I.15.3t__nz0.01,0.11756581417305502,nan,baseline
gp,I.15.3x__nz0.01,0.10608557608551035,0.10063059092234646,baseline
gp,I.16.6__nz0.01,0.32193373545221005,0.38229672692794336,baseline
gp,I.18.12__nz0.01,0.3725339526302913,1.045786691408038,baseline
gp,I.18.14__nz0.01,0.4024225838491903,0.9394981687317591,baseline
gp,I.18.4__nz0.01,0.30542490293587055,0.3758069877378615,baseline
gp,I.24.6__nz0.01,0.16564303491853324,0.33057469222158425,baseline
gp,I.25.13__nz0.01,0.0,0.0,baseline
gp,I.26.2__nz0.01,0.21917825799732735,nan,baseline
gp,I.27.6__nz0.01,0.0,0.0,baseline
gp,I.29.16__nz0.01,0.3766880380973251,0.7338651819824932,baseline
gp,I.29.4__nz0.01,0.0,0.0,baseline
gp,I.30.3__nz0.01,0.7632296064327782,1.007619436517606,baseline
gp,I.30.5__nz0.01,0.04654290054475927,0.10125066954763774,baseline
gp,I.32.17__nz0.01,0.1665027235237092,1.003704886318706,baseline
gp,I.32.5__nz0.01,0.153152672233945,0.2935547684483957,baseline
gp,I.34.14__nz0.01,0.10849637273211461,nan,baseline
gp,I.34.1__nz0.01,0.22636465514759113,1.0180841223243453,baseline
gp,I.34.27__nz0.01,0.13424310020797547,0.12081289950654303,baseline
gp,I.34.8__nz0.01,0.028636550999495834,0.03350375160458445,baseline
gp,I.37.4__nz0.01,0.5341760159147261,0.8479976941106235,baseline
gp,I.38.12__nz0.01,0.054237310568597215,0.06827430462339393,baseline
gp,I.39.11__nz0.01,0.11035672471967929,0.351770288787935,baseline
gp,I.39.1__nz0.01,0.003248950980463079,0.005507212707477558,baseline
gp,I.39.22__nz0.01,2.2040701754773019e-16,1.3258564544730945e-16,baseline
gp,I.40.1__nz0.01,0.44426941052180596,0.6259329203802625,baseline
gp,I.41.16__nz0.01,0.6103161764200852,0.6788621510930701,baseline
gp,I.43.16__nz0.01,0.028636550999495834,0.03350375160458445,baseline
gp,I.43.31__nz0.01,1.81521301405929e-16,1.5283315150348986e-16,baseline
gp,I.43.43__nz0.01,0.0919740061271522,0.26798412067825983,baseline
gp,I.44.4__nz0.01,0.2977805983816211,0.398973649494371,baseline
gp,I.47.23__nz0.01,1.5784433725280533e-16,1.674817720952732e-16,baseline
gp,I.48.2__nz0.01,0.012162892676719099,0.019219383228804083,baseline
gp,I.50.26__nz0.01,0.8237358454138539,0.9890952087528702,baseline
gp,I.6.2__nz0.01,0.4875136270679657,0.6726714996760883,baseline
gp,I.6.2a__nz0.01,0.2443444004062773,0.4558295390780022,baseline
gp,I.6.2a__nz0.02,0.2443444004062773,0.4558295390780022,baseline
gp,I.6.2a__nz0,0.2443444004062773,0.4558295390780022,baseline
gp,I.6.2b__nz0.01,0.6804760348389995,1.1943221931834542,baseline
gp,I.8.14__nz0.01,0.7708368985459068,0.8767093344379907,baseline
gp,I.9.18__nz0.01,0.4736611249570448,0.7647773101704953,baseline
gp,II.10.9__nz0.01,0.20638413311748754,0.23568438683637596,baseline
gp,II.11.17__nz0.01,0.6313371963368629,0.844355582765769,baseline
gp,II.11.20__nz0.01,0.04423421795157223,0.04030337846129968,baseline
gp,II.11.27__nz0.01,0.21392576422645165,0.30496399194593493,baseline
gp,II.11.28__nz0.01,0.37997745829562624,0.5287673821511562,baseline
gp,II.11.3__nz0.01,0.39377084677165625,1.001739576536622,baseline
gp,II.13.17__nz0.01,1.1394846816393909,1.0593418895542923,baseline
gp,II.13.23__nz0.01,0.11222740846028086,0.2673513464683264,baseline
gp,II.13.34__nz0.01,0.023980298669962888,0.14383637185409578,baseline
gp,II.15.4__nz0.01,0.4673336150121963,0.9122709586005581,baseline
gp,II.15.5__nz0.01,0.4673336150121963,0.9122709586005581,baseline
gp,II.2.42__nz0.01,1.32632605661345e-16,1.3149656163784287e-16,baseline
gp,II.21.32__nz0.01,0.753907981519576,0.6395857154822209,baseline
gp,II.24.17__nz0.01,0.1589836687906643,0.16494760272922998,baseline
gp,II.27.16__nz0.01,1.7662261037249832e-16,1.2273809995200023e-16,baseline
gp,II.27.18__nz0.01,0.0,0.0,baseline
gp,II.3.24__nz0.01,0.7120884045797835,0.8127960039922034,baseline
gp,II.34.11__nz0.01,0.09111588295458317,0.16999458867770936,baseline
gp,II.34.29a__nz0.01,0.22041457075886825,0.1834682995190643,baseline
gp,II.34.29b__nz0.01,0.36604572764992094,0.6269977628875645,baseline
gp,II.34.2__nz0.01,0.09039458115180837,0.1836706463907408,baseline
gp,II.34.2a__nz0.01,0.1743654123351474,0.1530360451110196,baseline
gp,II.35.18__nz0.01,0.71215570743761,0.87277386148208,baseline
gp,II.35.21__nz0.01,0.39424843753146716,0.4404533529722431,baseline
gp,II.36.38__nz0.01,0.31547645370926636,0.4527200914560362,baseline
gp,II.37.1__nz0.01,2.372774119870928e-16,1.502207496759238e-16,baseline
gp,II.38.14__nz0.01,0.24412023224248228,0.29514282536759145,baseline
gp,II.38.3__nz0.01,1.8428307877716016e-16,2.0054835958081314e-16,baseline
gp,II.4.23__nz0.01,0.598041650642348,0.6303162485004755,baseline
gp,II.6.11__nz0.01,1.0151800134519828,1.0004571613180653,baseline
gp,II.6.15a__nz0.01,0.8309626300390694,4.049181608904204,baseline
gp,II.6.15b__nz0.01,1.0243124462682802,1.0076277531469022,baseline
gp,II.8.31__nz0.01,0.03246476469209053,0.053324269218381695,baseline
gp,II.8.7__nz0.01,0.17820311564771787,0.13840755500659654,baseline
gp,III.10.19__nz0.01,0.18855258057381272,0.33194105898104476,baseline
gp,III.12.43__nz0.01,0.13424310020797547,0.12081289950654303,baseline
gp,III.13.18__nz0.01,0.12848869902576604,0.45801136483116844,baseline
gp,III.14.14__nz0.01,0.38946006294770746,1.0012550474315163,baseline
gp,III.15.12__nz0.01,0.9746709564886872,1.1006563436048373,baseline
gp,III.15.14__nz0.01,1.2169601014518778,1.1175093116478843,baseline
gp,III.15.27__nz0.01,0.042165066202013025,0.060140257524710763,baseline
gp,III.17.37__nz0.01,0.3879832383047157,1.2403310336061566,baseline
gp,III.19.51__nz0.01,2.736562054476282,1.270806798550804,baseline
gp,III.21.20__nz0.01,0.1814875802055111,0.2933631386013896,baseline
gp,III.4.32__nz0.01,0.1257867747295048,0.2812447537408355,baseline
gp,III.4.33__nz0.01,0.059245509737784995,0.06974652568655872,baseline
gp,III.7.38__nz0.01,0.07030305312425719,0.9157604593831439,baseline
gp,III.8.54__nz0.01,1.1032211811611528,1.1005908825889907,baseline
gp,III.9.52__nz0.01,0.880276986163884,2.066567875932403,baseline
gpx,I.10.7__nz0.01,0.10585727240397357,0.2549844406820623,baseline
gpx,I.11.19__nz0.01,0.3610782772687743,0.4189695870003472,baseline
gpx,I.12.11__nz0.01,0.1897850905874892,0.21168882713991066,baseline
gpx,I.12.1__nz0.01,0.0,0.0,baseline
gpx,I.12.2__nz0.01,0.9130438755933427,0.8671252416068937,baseline
gpx,I.12.4__nz0.01,0.955960657968138,0.9524795220512062,baseline
gpx,I.12.5__nz0.01,0.0,0.0,baseline
gpx,I.13.12__nz0.01,0.53975079214365,0.6690935787204825,baseline
gpx,I.13.4__nz0.01,0.23008442733277915,0.3041489549933336,baseline
gpx,I.14.3__nz0.01,0.12187280303904074,0.4520374753933486,baseline
gpx,I.14.4__nz0.01,0.0021235931048087554,0.004223203170723112,baseline
gpx,I.15.1__nz0.01,0.13697828712668114,0.2715166858048216,baseline
gpx,I.15.3t__nz0.01,0.11756581417305502,nan,baseline
gpx,I.15.3x__nz0.01,0.19819623902183836,0.43916700482486265,baseline
gpx,I.16.6__nz0.01,0.30738734408853546,0.37404950745151644,baseline
gpx,I.18.12__nz0.01,0.12128458958481017,0.20362652437835704,baseline
gpx,I.18.14__nz0.01,0.06521396781006512,0.08581787907920611,baseline
gpx,I.18.4__nz0.01,0.2703115953129295,0.4385846284180185,baseline
gpx,I.24.6__nz0.01,0.20208501693910821,0.3865758306925465,baseline
gpx,I.25.13__nz0.01,0.0,0.0,baseline
gpx,I.26.2__nz0.01,0.035103349306445604,nan,baseline
gpx,I.27.6__nz0.01,0.27441878707724904,0.2541527647723616,baseline
gpx,I.29.16__nz0.01,0.9764375352334633,0.9861342874087207,baseline
gpx,I.29.4__nz0.01,0.0,0.0,baseline
gpx,I.30.3__nz0.01,1.353075708367093,1.0076199124873546,baseline
gpx,I.30.5__nz0.01,0.28723211390066306,0.3809284742652539,baseline
gpx,I.32.17__nz0.01,0.5646778824944707,1.0088920021901382,baseline
gpx,I.32.5__nz0.01,0.5591646341423924,0.7196776914298804,baseline
gpx,I.34.14__nz0.01,0.1539724674138805,nan,baseline
gpx,I.34.1__nz0.01,0.2808867946922288,1.0104660375845973,baseline
gpx,I.34.27__nz0.01,0.13720889199206748,0.23437148267161834,baseline
gpx,I.34.8__nz0.01,1.596951441434313e-16,1.2061920373900214e-16,baseline
gpx,I.37.4__nz0.01,0.29989665598536674,1.0474938704175598,baseline
gpx,I.38.12__nz0.01,0.6105394500248622,0.7741617519935199,baseline
gpx,I.39.11__nz0.01,0.25022354110993816,0.575320521503409,baseline
gpx,I.39.1__nz0.01,0.05087417996366842,0.05544377042720297,baseline
gpx,I.39.22__nz0.01,0.5602292776289152,2.3686186176720625,baseline
gpx,I.40.1__nz0.01,0.5073704994001549,0.5485464697764697,baseline
gpx,I.41.16__nz0.01,0.15849692545938404,0.16640260047124233,baseline
gpx,I.43.16__nz0.01,1.596951441434313e-16,1.2061920373900214e-16,baseline
gpx,I.43.31__nz0.01,0.12187280303904072,0.4520374753933486,baseline
gpx,I.43.43__nz0.01,0.012355637088456916,0.07893192365871614,baseline
gpx,I.44.4__nz0.01,0.17825261427928066,0.1968486330643083,baseline
gpx,I.47.23__nz0.01,0.4647712808838223,0.4584611708110998,baseline
gpx,I.48.2__nz0.01,0.17727436050974274,0.4136065538799602,baseline
gpx,I.50.26__nz0.01,0.7722624307820807,0.9172477236812091,baseline
gpx,I.6.2__nz0.01,0.5324509578637543,0.5678753863019534,baseline
gpx,I.6.2a__nz0.01,0.25294191588678305,0.4492162084254811,baseline
gpx,I.6.2a__nz0,0.25294191588678305,0.4492162084254811,baseline
gpx,I.6.2b__nz0.01,0.5960838405191952,0.9575256714524709,baseline
gpx,I.8.14__nz0.01,0.6914861279244782,0.8349715370347361,baseline
gpx,I.9.18__nz0.01,0.8471067018180779,0.9410374141843244,baseline
gpx,II.10.9__nz0.01,0.2686935344761232,0.4552489912311351,baseline
gpx,II.11.17__nz0.01,0.4350764964770975,0.7573093559849586,baseline
gpx,II.11.20__nz0.01,0.8219852805174219,1.2783496995243322,baseline
gpx,II.11.27__nz0.01,0.11737928289064542,0.1734958782064846,baseline
gpx,II.11.28__nz0.01,0.04120908279102066,0.31982266925356934,baseline
gpx,II.11.3__nz0.01,0.3664769451161608,1.0023543681488065,baseline
gpx,II.13.17__nz0.01,1.027930893794423,1.017695144557035,baseline
gpx,II.13.23__nz0.01,0.10585727240397357,0.2549844406820623,baseline
gpx,II.13.34__nz0.01,0.13697828712668114,0.2715166858048216,baseline
gpx,II.15.4__nz0.01,0.003571572332314059,0.0022339484176296387,baseline
gpx,II.15.5__nz0.01,0.003571572332314059,0.0022339484176296387,baseline
gpx,II.2.42__nz0.01,0.28888190670053004,0.36947699337119627,baseline
gpx,II.21.32__nz0.01,0.8458143993995438,0.8765546841484652,baseline
gpx,II.24.17__nz0.01,0.11624507991648725,0.13618125779270995,baseline
gpx,II.27.16__nz0.01,0.23754506843760326,0.6667465873015971,baseline
gpx,II.27.18__nz0.01,1.7388958815901526e-16,1.2101679977304442e-16,baseline
gpx,II.3.24__nz0.01,0.48101999274945495,0.5691880585434067,baseline
gpx,II.34.11__nz0.01,0.5288440735533065,0.5953162607185494,baseline
gpx,II.34.29a__nz0.01,0.25366056851524,0.3973786951228052,baseline
gpx,II.34.29b__nz0.01,0.4837897854523356,1.199892533702928,baseline
gpx,II.34.2__nz0.01,0.05207472163124663,0.0577778736944283,baseline
gpx,II.34.2a__nz0.01,0.1289266622811866,0.18634794972552002,baseline
gpx,II.35.18__nz0.01,0.5725811723364519,0.6006023566368784,baseline
gpx,II.35.21__nz0.01,0.36485762334897825,0.3935667200647608,baseline
gpx,II.36.38__nz0.01,0.3195606027723236,0.4099917309778749,baseline
gpx,II.37.1__nz0.01,0.18310298129378455,0.6037263983892901,baseline
gpx,II.38.14__nz0.01,0.47611447838217696,0.613343169028039,baseline
gpx,II.38.3__nz0.01,0.5602292776289152,2.3686186176720625,baseline
gpx,II.4.23__nz0.01,0.8452559508197877,0.865931904631836,baseline
gpx,II.6.11__nz0.01,1.002493827587646,1.0100983921322384,baseline
gpx,II.6.15a__nz0.01,0.4516835861478151,7.900888486243482,baseline
gpx,II.6.15b__nz0.01,1.0013487093933682,1.016898110949552,baseline
gpx,II.8.31__nz0.01,0.0021235931048087554,0.004223203170723112,baseline
gpx,II.8.7__nz0.01,1.011288786431432,1.0349979251938433,baseline
gpx,III.10.19__nz0.01,0.16848230672929937,0.20019327601804568,baseline
gpx,III.12.43__nz0.01,0.13720889199206748,0.23437148267161834,baseline
gpx,III.13.18__nz0.01,0.5684029805673346,1.1067930551420517,baseline
gpx,III.14.14__nz0.01,0.5334184343921177,1.0030682061209726,baseline
gpx,III.15.12__nz0.01,1.049335961986312,1.0367287602289754,baseline
gpx,III.15.14__nz0.01,1.2169601014518778,1.1175093116478843,baseline
gpx,III.15.27__nz0.01,0.02886123206725983,0.024361828126755646,baseline
gpx,III.17.37__nz0.01,0.5241200412171249,0.8936025358208433,baseline
gpx,III.19.51__nz0.01,1.01156986598943,0.9610237538263112,baseline
gpx,III.21.20__nz0.01,0.6244930337023613,0.7513952141464891,baseline
gpx,III.4.32__nz0.01,0.05473148391171895,0.21048766738259117,baseline
gpx,III.4.33__nz0.01,0.08175975863097062,0.09000148398803799,baseline
gpx,III.7.38__nz0.01,0.07271037722286423,0.06976695326826449,baseline
gpx,III.8.54__nz0.01,1.0924610497077287,1.0298828994688018,baseline
gpx,III.9.52__nz0.01,0.893212119177314,1.0569285163623103,baseline
rf,I.10.7__nz0.01,0.07591178278810147,0.3630058261124583,baseline
ours,I.10.7__nz0.01,0.00122,0.05572,pipeline
rf,I.10.7__nz0.02,0.07768371410510902,0.36203137501163773,baseline
ours,I.10.7__nz0.02,0.00982,0.03561,pipeline
rf,I.10.7__nz0,0.07615090965102611,0.362501274884458,baseline
ours,I.10.7__nz0,0.04222,0.03634,pipeline
rf,I.11.19__nz0.01,0.45392257885700554,0.7809955207017512,baseline
ours,I.11.19__nz0.01,0.44023,0.50298,pipeline
rf,I.11.19__nz0.02,0.45645701672292815,0.7848970445572611,baseline
ours,I.11.19__nz0.02,0.44012,0.50255,pipeline
rf,I.11.19__nz0,0.46113765626890446,0.784170669374461,baseline
ours,I.11.19__nz0,0.44035,0.50344,pipeline
rf,I.12.11__nz0.01,0.43464478236859977,0.5740633056739599,baseline
ours,I.12.11__nz0.01,0.00219,0.00593,pipeline
rf,I.12.11__nz0.02,0.42622078446644085,0.5727652156788322,baseline
ours,I.12.11__nz0.02,0.0037,0.01308,pipeline
rf,I.12.11__nz0,0.4371485521066914,0.5726459241464134,baseline
ours,I.12.11__nz0,0.00468,0.01072,pipeline
rf,I.12.1__nz0.01,0.1405724368647056,0.39593980535775425,baseline
ours,I.12.1__nz0.01,0.0016,0.00336,pipeline
rf,I.12.1__nz0.02,0.13736579261582366,0.39512414440473315,baseline
ours,I.12.1__nz0.02,0.00319,0.00673,pipeline
rf,I.12.1__nz0,0.14139013116837668,0.395046053890946,baseline
ours,I.12.1__nz0,0.0,0.0,pipeline
rf,I.12.2__nz0.01,0.5836479553951961,0.6150510967662377,baseline
rf,I.12.2__nz0.02,0.586707852214485,0.6123085281154197,baseline
rf,I.12.2__nz0,0.5871171074466718,0.6139205722687912,baseline
rf,I.12.4__nz0.01,0.47027347867567654,0.591888021112715,baseline
rf,I.12.4__nz0.02,0.4636309890307214,0.5926140494109104,baseline
rf,I.12.4__nz0,0.46532617302429896,0.5915499359805567,baseline
rf,I.12.5__nz0.01,0.1405724368647056,0.39593980535775425,baseline
ours,I.12.5__nz0.01,0.00058,0.00051,pipeline
rf,I.12.5__nz0.02,0.13736579261582366,0.39512414440473315,baseline
ours,I.12.5__nz0.02,0.00116,0.00102,pipeline
rf,I.12.5__nz0,0.14139013116837668,0.395046053890946,baseline
ours,I.12.5__nz0,0.0,0.0,pipeline
rf,I.13.12__nz0.01,0.5533755300470791,0.6549158289954616,baseline
ours,I.13.12__nz0.01,0.06718,0.77993,pipeline
rf,I.13.12__nz0.02,0.5486254186170826,0.6511667857914745,baseline
ours,I.13.12__nz0.02,0.07179,0.77735,pipeline
rf,I.13.12__nz0,0.5541210226714477,0.6522194787451677,baseline
ours,I.13.12__nz0,0.06119,0.76973,pipeline
rf,I.13.4__nz0.01,0.32018796778092645,0.7089149069739685,baseline
ours,I.13.4__nz0.01,0.0598,0.24531,pipeline
rf,I.13.4__nz0.02,0.3179257462294395,0.7140953133974469,baseline
ours,I.13.4__nz0.02,0.05979,0.26109,pipeline
rf,I.13.4__nz0,0.32118673629400796,0.7126036951459084,baseline
ours,I.13.4__nz0,0.04441,0.35585,pipeline
rf,I.14.3__nz0.01,0.25391891532332583,0.5139982872123607,baseline
ours,I.14.3__nz0.01,0.00064,0.00057,pipeline
rf,I.14.3__nz0.02,0.2548993574313475,0.5133838728919652,baseline
ours,I.14.3__nz0.02,0.00129,0.00114,pipeline
rf,I.14.3__nz0,0.2578639798989023,0.5155939938864706,baseline
ours,I.14.3__nz0,0.0,0.0,pipeline
rf,I.14.4__nz0.01,0.1296005698947584,0.4879029450337607,baseline
ours,I.14.4__nz0.01,0.0006,0.00055,pipeline
rf,I.14.4__nz0.02,0.12899956779759744,0.48687589725267905,baseline
ours,I.14.4__nz0.02,0.0012,0.0011,pipeline
rf,I.14.4__nz0,0.12995647786026582,0.48600556273269413,baseline
ours,I.14.4__nz0,0.0,0.0,pipeline
rf,I.15.1__nz0.01,0.177255203935944,0.5174121945324321,baseline
ours,I.15.1__nz0.01,0.03455,0.08755,pipeline
rf,I.15.1__nz0.02,0.17634293179079066,0.5183305861744248,baseline
ours,I.15.1__nz0.02,0.05002,0.08947,pipeline
rf,I.15.1__nz0,0.1788173210634648,0.5175195797953521,baseline
ours,I.15.1__nz0,0.02074,0.06078,pipeline
rf,I.15.3t__nz0.01,0.12383451677481191,nan,baseline
ours,I.15.3t__nz0.01,0.03221,0.13835,pipeline
rf,I.15.3t__nz0.02,0.12345027958583533,nan,baseline
ours,I.15.3t__nz0.02,0.02527,0.08124,pipeline
rf,I.15.3t__nz0,0.12359125548653467,nan,baseline
ours,I.15.3t__nz0,0.03932,0.12453,pipeline
rf,I.15.3x__nz0.01,0.24152377676634304,0.506225136642448,baseline
ours,I.15.3x__nz0.01,48.2741,32.6641,pipeline
rf,I.15.3x__nz0.02,0.23991389258289178,0.5037061019724915,baseline
ours,I.15.3x__nz0.02,47.97861,32.46449,pipeline
rf,I.15.3x__nz0,0.24457953452815093,0.5043880973019451,baseline
ours,I.15.3x__nz0,48.56959,32.86401,pipeline
rf,I.16.6__nz0.01,0.19174668758042515,0.32333355146994525,baseline
ours,I.16.6__nz0.01,0.09688,0.41968,pipeline
rf,I.16.6__nz0.02,0.1936314167414109,0.3191459230490877,baseline
ours,I.16.6__nz0.02,0.10007,0.43684,pipeline
rf,I.16.6__nz0,0.19216295138116693,0.32249242536424183,baseline
ours,I.16.6__nz0,0.09656,0.41854,pipeline
rf,I.18.12__nz0.01,0.3307524262067264,0.4174353003576898,baseline
ours,I.18.12__nz0.01,0.00057,0.00056,pipeline
rf,I.18.12__nz0.02,0.3362799606582284,0.4182221867416838,baseline
ours,I.18.12__nz0.02,0.00113,0.00113,pipeline
rf,I.18.12__nz0,0.33056312359153484,0.4195661949599413,baseline
ours,I.18.12__nz0,0.0,0.0,pipeline
rf,I.18.14__nz0.01,0.372499627281793,0.5899939731120349,baseline
ours,I.18.14__nz0.01,0.00135,0.0108,pipeline
rf,I.18.14__nz0.02,0.3690434800331867,0.5861851566873753,baseline
ours,I.18.14__nz0.02,0.0027,0.02159,pipeline
rf,I.18.14__nz0,0.36684341546123767,0.5897314127671901,baseline
ours,I.18.14__nz0,0.0,0.0,pipeline
rf,I.18.4__nz0.01,0.2588734957060029,0.5018491204084998,baseline
ours,I.18.4__nz0.01,0.05447,0.36484,pipeline
rf,I.18.4__nz0.02,0.2564342328781052,0.49734565531561226,baseline
ours,I.18.4__nz0.02,0.05472,0.35816,pipeline
rf,I.18.4__nz0,0.25603708552481785,0.5046589758736852,baseline
ours,I.18.4__nz0,0.07289,0.33561,pipeline
rf,I.24.6__nz0.01,0.37378447007092186,0.7937766302187501,baseline
ours,I.24.6__nz0.01,0.00131,0.01729,pipeline
rf,I.24.6__nz0.02,0.3715906744234246,0.7911850581064003,baseline
ours,I.24.6__nz0.02,0.00202,0.02034,pipeline
rf,I.24.6__nz0,0.36901350226145646,0.7903612517010085,baseline
ours,I.24.6__nz0,0.00035,0.00473,pipeline
rf,I.25.13__nz0.01,0.26962830956103057,0.3758550513943614,baseline
ours,I.25.13__nz0.01,8e-05,7e-05,pipeline
rf,I.25.13__nz0.02,0.26948634815009226,0.37533622797836896,baseline
ours,I.25.13__nz0.02,0.00016,0.00013,pipeline
rf,I.25.13__nz0,0.2700712736431623,0.37692050042598396,baseline
ours,I.25.13__nz0,0.0,0.0,pipeline
rf,I.26.2__nz0.01,0.11167530390865557,nan,baseline
ours,I.26.2__nz0.01,0.28255,0.31188,pipeline
rf,I.26.2__nz0.02,0.1112266900270917,nan,baseline
ours,I.26.2__nz0.02,0.28213,0.31185,pipeline
rf,I.26.2__nz0,0.10902269910201691,nan,baseline
ours,I.26.2__nz0,0.28298,0.31192,pipeline
rf,I.27.6__nz0.01,0.26128854123405043,0.3969171832674896,baseline
ours,I.27.6__nz0.01,0.02728,0.08214,pipeline
rf,I.27.6__nz0.02,0.260472281501136,0.3979070267625403,baseline
ours,I.27.6__nz0.02,0.02745,0.08402,pipeline
rf,I.27.6__nz0,0.2618560651736948,0.3964207643997757,baseline
ours,I.27.6__nz0,0.02725,0.08032,pipeline
rf,I.29.16__nz0.01,0.8028551926575818,0.8369352083422154,baseline
ours,I.29.16__nz0.01,0.54654,0.97852,pipeline
rf,I.29.16__nz0.02,0.8050050969207804,0.8385004071644235,baseline
ours,I.29.16__nz0.02,0.54639,0.9783,pipeline
rf,I.29.16__nz0,0.801055593968198,0.8366980902816679,baseline
ours,I.29.16__nz0,0.54669,0.97874,pipeline
rf,I.29.4__nz0.01,0.3076196766119958,0.3524370689957469,baseline
ours,I.29.4__nz0.01,5e-05,4e-05,pipeline
rf,I.29.4__nz0.02,0.30312502462143015,0.3503541759477715,baseline
ours,I.29.4__nz0.02,0.0001,8e-05,pipeline
rf,I.29.4__nz0,0.3127500009722349,0.352694615707796,baseline
ours,I.29.4__nz0,0.0,0.0,pipeline
rf,I.30.3__nz0.01,0.7690887953321105,1.0075520933547428,baseline
ours,I.30.3__nz0.01,0.74786,1.00746,pipeline
rf,I.30.3__nz0.02,0.7673629718127013,1.0075516929109718,baseline
ours,I.30.3__nz0.02,0.7477,1.00746,pipeline
rf,I.30.3__nz0,0.7664557730375274,1.0075513027994307,baseline
ours,I.30.3__nz0,0.74949,1.00746,pipeline
rf,I.30.5__nz0.01,0.336853538995845,0.5385890416367694,baseline
ours,I.30.5__nz0.01,0.00518,0.03007,pipeline
rf,I.30.5__nz0.02,0.3332859404244544,0.5372521930027184,baseline
ours,I.30.5__nz0.02,0.01906,0.07383,pipeline
rf,I.30.5__nz0,0.33565679079692645,0.5373948075180326,baseline
ours,I.30.5__nz0,0.00234,0.02643,pipeline
rf,I.32.17__nz0.01,0.8301542595152248,1.0089903419547905,baseline
rf,I.32.17__nz0.02,0.8287527388475885,1.008990544074865,baseline
rf,I.32.17__nz0,0.8283032999712346,1.0089908257060498,baseline
rf,I.32.5__nz0.01,0.953428844481603,0.7425012868066165,baseline
rf,I.32.5__nz0.02,0.9555030620636252,0.7413808215854157,baseline
rf,I.32.5__nz0,0.9590822653057736,0.7412679439251972,baseline
rf,I.34.14__nz0.01,0.1967750938971309,nan,baseline
ours,I.34.14__nz0.01,0.04312,0.05576,pipeline
rf,I.34.14__nz0.02,0.19655825050704404,nan,baseline
ours,I.34.14__nz0.02,0.01895,0.09208,pipeline
rf,I.34.14__nz0,0.19637467194018743,nan,baseline
ours,I.34.14__nz0,0.00362,0.10294,pipeline
rf,I.34.1__nz0.01,0.24703178195608638,1.006864348683507,baseline
ours,I.34.1__nz0.01,0.6962,1.1702,pipeline
rf,I.34.1__nz0.02,0.2467126280290202,1.0068826055616193,baseline
ours,I.34.1__nz0.02,1.19251,1.23177,pipeline
rf,I.34.1__nz0,0.2449252291328554,1.0068660145680137,baseline
ours,I.34.1__nz0,0.0956,1.10807,pipeline
rf,I.34.27__nz0.01,0.14033796426544137,0.39591020602924054,baseline
ours,I.34.27__nz0.01,0.00058,0.00051,pipeline
rf,I.34.27__nz0.02,0.13822648360778106,0.39442581033271196,baseline
ours,I.34.27__nz0.02,0.00116,0.00102,pipeline
rf,I.34.27__nz0,0.143295127108618,0.3962462635010649,baseline
ours,I.34.27__nz0,0.0,0.0,pipeline
rf,I.34.8__nz0.01,0.416890825737496,0.6127915932359681,baseline
ours,I.34.8__nz0.01,0.00115,0.00102,pipeline
rf,I.34.8__nz0.02,0.42081976937199705,0.6178750263270039,baseline
ours,I.34.8__nz0.02,0.00231,0.00204,pipeline
rf,I.34.8__nz0,0.4175388084033622,0.6166178405434147,baseline
ours,I.34.8__nz0,0.0,0.0,pipeline
rf,I.37.4__nz0.01,0.33039579285642773,0.6317940731195438,baseline
ours,I.37.4__nz0.01,0.15888,2.12619,pipeline
rf,I.37.4__nz0.02,0.32810265168809405,0.6350812786905428,baseline
ours,I.37.4__nz0.02,0.15881,2.12614,pipeline
rf,I.37.4__nz0,0.3242986609486832,0.6211473476416256,baseline
ours,I.37.4__nz0,0.15898,2.12624,pipeline
rf,I.38.12__nz0.01,0.6676738805819864,0.9370461484519188,baseline
rf,I.38.12__nz0.02,0.6673912525554779,0.9375157999207537,baseline
rf,I.38.12__nz0,0.668064117121225,0.9380939280122204,baseline
rf,I.39.11__nz0.01,0.35828013845637674,0.8304152477390112,baseline
ours,I.39.11__nz0.01,0.03509,0.10968,pipeline
rf,I.39.11__nz0.02,0.35737464644406564,0.8314281222856252,baseline
ours,I.39.11__nz0.02,0.14542,0.30656,pipeline
rf,I.39.11__nz0,0.362088774957402,0.8308564270973936,baseline
ours,I.39.11__nz0,0.16883,0.50758,pipeline
rf,I.39.1__nz0.01,0.13933095709632054,0.39544455889210617,baseline
ours,I.39.1__nz0.01,0.00058,0.00051,pipeline
rf,I.39.1__nz0.02,0.13899121991641908,0.39523805863444694,baseline
ours,I.39.1__nz0.02,0.00116,0.00102,pipeline
rf,I.39.1__nz0,0.14020518934654616,0.3942465789810012,baseline
ours,I.39.1__nz0,0.0,0.0,pipeline
rf,I.39.22__nz0.01,0.5411777000042108,0.6823533598760055,baseline
ours,I.39.22__nz0.01,0.00149,0.00369,pipeline
rf,I.39.22__nz0.02,0.5401346176456674,0.679934809652004,baseline
ours,I.39.22__nz0.02,0.00298,0.00739,pipeline
rf,I.39.22__nz0,0.542043337514487,0.681753337401448,baseline
ours,I.39.22__nz0,0.0,0.0,pipeline
rf,I.40.1__nz0.01,0.6723868600257984,0.7270973964466881,baseline
ours,I.40.1__nz0.01,0.96681,0.96818,pipeline
rf,I.40.1__nz0.02,0.6682516383197648,0.7296738443552317,baseline
ours,I.40.1__nz0.02,0.96677,0.96814,pipeline
rf,I.40.1__nz0,0.6687661053473035,0.7346507557280906,baseline
ours,I.40.1__nz0,0.96686,0.96823,pipeline
rf,I.41.16__nz0.01,0.6906251724327682,0.8400067978570941,baseline
rf,I.41.16__nz0.02,0.6877171543015648,0.8307829274443108,baseline
rf,I.41.16__nz0,0.6929430941938814,0.831504206438669,baseline
rf,I.43.16__nz0.01,0.416890825737496,0.6127915932359681,baseline
ours,I.43.16__nz0.01,0.00115,0.00102,pipeline
rf,I.43.16__nz0.02,0.42081976937199705,0.6178750263270039,baseline
ours,I.43.16__nz0.02,0.00231,0.00204,pipeline
rf,I.43.16__nz0,0.4175388084033622,0.6166178405434147,baseline
ours,I.43.16__nz0,0.0,0.0,pipeline
rf,I.43.31__nz0.01,0.2536805626520598,0.5127723016408262,baseline
ours,I.43.31__nz0.01,0.00064,0.00057,pipeline
rf,I.43.31__nz0.02,0.2534488974898131,0.513381361636214,baseline
ours,I.43.31__nz0.02,0.00129,0.00114,pipeline
rf,I.43.31__nz0,0.257224204350512,0.5160190540013667,baseline
ours,I.43.31__nz0,0.0,0.0,pipeline
rf,I.43.43__nz0.01,0.49244064550918676,0.6666263495432203,baseline
ours,I.43.43__nz0.01,0.00167,0.04385,pipeline
rf,I.43.43__nz0.02,0.5055909491668907,0.6747564684602209,baseline
ours,I.43.43__nz0.02,0.00906,0.04396,pipeline
rf,I.43.43__nz0,0.4889983822544654,0.6647063712590372,baseline
ours,I.43.43__nz0,0.03586,0.08979,pipeline
rf,I.44.4__nz0.01,0.5985602976117467,0.6653075860237612,baseline
ours,I.44.4__nz0.01,0.00174,0.00174,pipeline
rf,I.44.4__nz0.02,0.6054982344720712,0.6643581014206238,baseline
ours,I.44.4__nz0.02,0.00348,0.00348,pipeline
rf,I.44.4__nz0,0.6039642070836415,0.6651122892801117,baseline
ours,I.44.4__nz0,0.0,0.0,pipeline
rf,I.47.23__nz0.01,0.24941169255924367,0.3933531350789817,baseline
ours,I.47.23__nz0.01,0.00207,0.00333,pipeline
rf,I.47.23__nz0.02,0.25025317450447476,0.3937747380323282,baseline
ours,I.47.23__nz0.02,0.00414,0.00666,pipeline
rf,I.47.23__nz0,0.24805655422825792,0.39303348616594347,baseline
ours,I.47.23__nz0,0.0,0.0,pipeline
rf,I.48.2__nz0.01,0.14225578205832815,0.4867700703221455,baseline
ours,I.48.2__nz0.01,32.66106,28.11337,pipeline
rf,I.48.2__nz0.02,0.1408398550179972,0.4834839143187439,baseline
ours,I.48.2__nz0.02,0.0044,0.00631,pipeline
rf,I.48.2__nz0,0.1473991764887328,0.4886831714429174,baseline
ours,I.48.2__nz0,0.00115,0.00245,pipeline
rf,I.50.26__nz0.01,0.7734758464713641,0.906922392267681,baseline
ours,I.50.26__nz0.01,0.77368,0.97311,pipeline
rf,I.50.26__nz0.02,0.7720882966763584,0.9064022750816814,baseline
ours,I.50.26__nz0.02,0.77365,0.97322,pipeline
rf,I.50.26__nz0,0.7725859503172122,0.9058792936732866,baseline
ours,I.50.26__nz0,0.77371,0.97301,pipeline
rf,I.6.2__nz0.01,0.1764899972916102,0.3660434352772726,baseline
ours,I.6.2__nz0.01,0.07652,0.32218,pipeline
rf,I.6.2__nz0.02,0.1775412231877755,0.36660194427111703,baseline
ours,I.6.2__nz0.02,0.07607,0.32608,pipeline
rf,I.6.2__nz0,0.17453241095532077,0.36356374324285085,baseline
ours,I.6.2__nz0,0.077,0.31829,pipeline
rf,I.6.2a__nz0.01,0.0162295376578183,0.17554230505742788,baseline
ours,I.6.2a__nz0.01,0.00171,0.00881,pipeline
rf,I.6.2a__nz0.02,0.018989535081129102,0.17516221164248477,baseline
ours,I.6.2a__nz0.02,0.00343,0.01761,pipeline
rf,I.6.2a__nz0,0.015993291547257576,0.1760051379038403,baseline
ours,I.6.2a__nz0,0.0,0.0,pipeline
rf,I.6.2b__nz0.01,0.48599898851191176,0.7839567953713049,baseline
ours,I.6.2b__nz0.01,0.34994,0.91657,pipeline
rf,I.6.2b__nz0.02,0.4866092218661885,0.7872655561962545,baseline
ours,I.6.2b__nz0.02,0.35001,0.917,pipeline
rf,I.6.2b__nz0,0.4835770978922405,0.7849189850809515,baseline
ours,I.6.2b__nz0,0.34987,0.91615,pipeline
rf,I.8.14__nz0.01,0.6522176239664523,0.937049931829116,baseline
ours,I.8.14__nz0.01,1.03685,2.14106,pipeline
rf,I.8.14__nz0.02,0.651755829719237,0.9363643973109324,baseline
ours,I.8.14__nz0.02,1.03686,2.14371,pipeline
rf,I.8.14__nz0,0.6484770180367846,0.9426820591062864,baseline
ours,I.8.14__nz0,1.03684,2.13844,pipeline
rf,I.9.18__nz0.01,0.5435498428337704,0.9207038093421137,baseline
rf,I.9.18__nz0.02,0.5474508718081014,0.9196741213376977,baseline
rf,I.9.18__nz0,0.543218206076784,0.9201690739426952,baseline
rf,II.10.9__nz0.01,0.40987500002137706,0.4877631872184146,baseline
ours,II.10.9__nz0.01,0.0131,0.04639,pipeline
rf,II.10.9__nz0.02,0.4028750002441683,0.48648292379674213,baseline
ours,II.10.9__nz0.02,0.0189,0.06558,pipeline
rf,II.10.9__nz0,0.4070729025104929,0.4850411696150849,baseline
ours,II.10.9__nz0,0.00146,0.00669,pipeline
rf,II.11.17__nz0.01,0.449005997967739,0.6850552148966812,baseline
ours,II.11.17__nz0.01,0.61357,0.80256,pipeline
rf,II.11.17__nz0.02,0.4499234878369219,0.6840304762419877,baseline
ours,II.11.17__nz0.02,0.61364,0.80256,pipeline
rf,II.11.17__nz0,0.4472481267384778,0.6841246840539249,baseline
ours,II.11.17__nz0,0.6135,0.80256,pipeline
rf,II.11.20__nz0.01,0.6424279088816773,0.8854192184794644,baseline
ours,II.11.20__nz0.01,0.76268,0.88333,pipeline
rf,II.11.20__nz0.02,0.6431127112690074,0.8883336301214805,baseline
ours,II.11.20__nz0.02,0.76278,0.88332,pipeline
rf,II.11.20__nz0,0.6448643550929518,0.8823594778180855,baseline
ours,II.11.20__nz0,0.76259,0.88334,pipeline
rf,II.11.27__nz0.01,0.36973008801642665,0.7274895748711302,baseline
ours,II.11.27__nz0.01,0.01157,0.0801,pipeline
rf,II.11.27__nz0.02,0.37590889047499493,0.7282667951744434,baseline
ours,II.11.27__nz0.02,0.01179,0.08005,pipeline
rf,II.11.27__nz0,0.3698783125542077,0.7255835297805966,baseline
ours,II.11.27__nz0,0.0107,0.0748,pipeline
rf,II.11.28__nz0.01,0.1461739517081791,0.4669913757478166,baseline
ours,II.11.28__nz0.01,0.01163,0.07454,pipeline
rf,II.11.28__nz0.02,0.1440792476060643,0.4676617894788469,baseline
ours,II.11.28__nz0.02,0.01158,0.07614,pipeline
rf,II.11.28__nz0,0.14463424821183626,0.4681841915163438,baseline
ours,II.11.28__nz0,0.01128,0.07297,pipeline
rf,II.11.3__nz0.01,0.5410393437160917,1.0034104928579346,baseline
rf,II.11.3__nz0.02,0.5436521386846771,1.003326554870077,baseline
rf,II.11.3__nz0,0.5438353201545028,1.0034161132535415,baseline
rf,II.13.17__nz0.01,0.4745245993665954,0.6321308479824388,baseline
rf,II.13.17__nz0.02,0.4564746194225568,0.6181009192202634,baseline
rf,II.13.17__nz0,0.45048730244920965,0.6283328330658532,baseline
rf,II.13.23__nz0.01,0.07591178278810147,0.3630058261124583,baseline
ours,II.13.23__nz0.01,0.00122,0.05572,pipeline
rf,II.13.23__nz0.02,0.07768371410510902,0.36203137501163773,baseline
ours,II.13.23__nz0.02,0.00982,0.03561,pipeline
rf,II.13.23__nz0,0.07615090965102611,0.362501274884458,baseline
ours,II.13.23__nz0,0.04222,0.03634,pipeline
rf,II.13.34__nz0.01,0.177255203935944,0.5174121945324321,baseline
ours,II.13.34__nz0.01,0.03455,0.08755,pipeline
rf,II.13.34__nz0.02,0.17634293179079066,0.5183305861744248,baseline
ours,II.13.34__nz0.02,0.05002,0.08947,pipeline
rf,II.13.34__nz0,0.1788173210634648,0.5175195797953521,baseline
ours,II.13.34__nz0,0.02074,0.06078,pipeline
rf,II.15.4__nz0.01,0.40110737605631186,0.8862198825719413,baseline
ours,II.15.4__nz0.01,0.00029,0.00022,pipeline
rf,II.15.4__nz0.02,0.4059288223140881,0.8966529498449902,baseline
ours,II.15.4__nz0.02,0.00057,0.00044,pipeline
rf,II.15.4__nz0,0.4031358931851999,0.8883191901304375,baseline
ours,II.15.4__nz0,0.0,0.0,pipeline
rf,II.15.5__nz0.01,0.40110737605631186,0.8862198825719413,baseline
ours,II.15.5__nz0.01,0.00029,0.00022,pipeline
rf,II.15.5__nz0.02,0.4059288223140881,0.8966529498449902,baseline
ours,II.15.5__nz0.02,0.00057,0.00044,pipeline
rf,II.15.5__nz0,0.4031358931851999,0.8883191901304375,baseline
ours,II.15.5__nz0,0.0,0.0,pipeline
rf,II.2.42__nz0.01,0.4103797440598248,0.5900857290809914,baseline
ours,II.2.42__nz0.01,0.01674,0.11737,pipeline
rf,II.2.42__nz0.02,0.4091750986396658,0.5886114601326257,baseline
ours,II.2.42__nz0.02,0.01857,0.09177,pipeline
rf,II.2.42__nz0,0.4126721999919691,0.5896781015057707,baseline
ours,II.2.42__nz0,0.01349,0.11106,pipeline
rf,II.21.32__nz0.01,0.5226098953084543,0.6390472977785709,baseline
ours,II.21.32__nz0.01,0.00519,0.12529,pipeline
rf,II.21.32__nz0.02,0.5172523424178025,0.6404491505714204,baseline
ours,II.21.32__nz0.02,0.00605,0.12636,pipeline
rf,II.21.32__nz0,0.526945664527185,0.6438309928808561,baseline
ours,II.21.32__nz0,0.30335,0.47607,pipeline
rf,II.24.17__nz0.01,0.21853925121400997,0.5214195411239982,baseline
ours,II.24.17__nz0.01,0.02321,0.07392,pipeline
rf,II.24.17__nz0.02,0.22016883756859149,0.5214659946471881,baseline
ours,II.24.17__nz0.02,0.0232,0.07399,pipeline
rf,II.24.17__nz0,0.22043300751870248,0.5210187210577951,baseline
ours,II.24.17__nz0,0.02322,0.07385,pipeline
rf,II.27.16__nz0.01,0.2953345303413129,0.5668200256085812,baseline
ours,II.27.16__nz0.01,0.00065,0.0006,pipeline
rf,II.27.16__nz0.02,0.2956884031803335,0.5631963849004137,baseline
ours,II.27.16__nz0.02,0.00131,0.0012,pipeline
rf,II.27.16__nz0,0.29505208920915116,0.565884167159529,baseline
ours,II.27.16__nz0,0.0,0.0,pipeline
rf,II.27.18__nz0.01,0.1296005698947584,0.4879029450337607,baseline
ours,II.27.18__nz0.01,0.0006,0.00055,pipeline
rf,II.27.18__nz0.02,0.12899956779759744,0.48687589725267905,baseline
ours,II.27.18__nz0.02,0.0012,0.0011,pipeline
rf,II.27.18__nz0,0.12995647786026582,0.48600556273269413,baseline
ours,II.27.18__nz0,0.0,0.0,pipeline
rf,II.3.24__nz0.01,0.29676986571352637,0.5000706418528384,baseline
rf,II.3.24__nz0.02,0.29397627773865304,0.4987369613620751,baseline
rf,II.3.24__nz0,0.2951884829278958,0.49886561444626826,baseline
rf,II.34.11__nz0.01,0.416890825737496,0.6127915932359681,baseline
ours,II.34.11__nz0.01,0.00115,0.00102,pipeline
rf,II.34.11__nz0.02,0.42081976937199705,0.6178750263270039,baseline
ours,II.34.11__nz0.02,0.00231,0.00204,pipeline
rf,II.34.11__nz0,0.4175388084033622,0.6166178405434147,baseline
ours,II.34.11__nz0,0.0,0.0,pipeline
rf,II.34.29a__nz0.01,0.30590683728594,0.5137679563367973,baseline
ours,II.34.29a__nz0.01,0.00045,0.00039,pipeline
rf,II.34.29a__nz0.02,0.3007824325241277,0.5108672193994972,baseline
ours,II.34.29a__nz0.02,0.0009,0.00077,pipeline
rf,II.34.29a__nz0,0.3052957072992514,0.5141321293090759,baseline
ours,II.34.29a__nz0,0.0,0.0,pipeline
rf,II.34.29b__nz0.01,0.5949041175056816,0.7459491231844041,baseline
ours,II.34.29b__nz0.01,5e-05,4e-05,pipeline
rf,II.34.29b__nz0.02,0.600439160690537,0.7492168310733751,baseline
ours,II.34.29b__nz0.02,0.0001,9e-05,pipeline
rf,II.34.29b__nz0,0.6017765807080698,0.7447510643680959,baseline
ours,II.34.29b__nz0,0.0,0.0,pipeline
rf,II.34.2__nz0.01,0.25391891532332583,0.5139982872123607,baseline
ours,II.34.2__nz0.01,0.00064,0.00057,pipeline
rf,II.34.2__nz0.02,0.2548993574313475,0.5133838728919652,baseline
ours,II.34.2__nz0.02,0.00129,0.00114,pipeline
rf,II.34.2__nz0,0.2578639798989023,0.5155939938864706,baseline
ours,II.34.2__nz0,0.0,0.0,pipeline
rf,II.34.2a__nz0.01,0.30590683728594,0.5137679563367973,baseline
ours,II.34.2a__nz0.01,0.00045,0.00039,pipeline
rf,II.34.2a__nz0.02,0.3007824325241277,0.5108672193994972,baseline
ours,II.34.2a__nz0.02,0.0009,0.00077,pipeline
rf,II.34.2a__nz0,0.3052957072992514,0.5141321293090759,baseline
ours,II.34.2a__nz0,0.0,0.0,pipeline
rf,II.35.18__nz0.01,0.41069977727938295,0.5212108884651038,baseline
ours,II.35.18__nz0.01,0.82263,0.8155,pipeline
rf,II.35.18__nz0.02,0.40892452715466093,0.5189132411535263,baseline
ours,II.35.18__nz0.02,0.82266,0.81554,pipeline
rf,II.35.18__nz0,0.4115873359253811,0.524565166154745,baseline
ours,II.35.18__nz0,0.8226,0.81546,pipeline
rf,II.35.21__nz0.01,0.3669417279500705,0.4856461519455914,baseline
ours,II.35.21__nz0.01,0.16173,0.28021,pipeline
rf,II.35.21__nz0.02,0.36561812815730743,0.486910331452831,baseline
ours,II.35.21__nz0.02,0.1619,0.28062,pipeline
rf,II.35.21__nz0,0.3650161043477267,0.48592369158852006,baseline
ours,II.35.21__nz0,0.16156,0.2798,pipeline
rf,II.36.38__nz0.01,0.6114416520851915,0.7610332021986672,baseline
ours,II.36.38__nz0.01,1.40521,1.35147,pipeline
rf,II.36.38__nz0.02,0.6113995709330315,0.7638718080442168,baseline
ours,II.36.38__nz0.02,1.4051,1.3505,pipeline
rf,II.36.38__nz0,0.6091913787671122,0.7578675947154268,baseline
ours,II.36.38__nz0,1.40531,1.35244,pipeline
rf,II.37.1__nz0.01,0.26217176682235194,0.5122049697787655,baseline
ours,II.37.1__nz0.01,0.00138,0.01223,pipeline
rf,II.37.1__nz0.02,0.25882589839603226,0.5154161884521155,baseline
ours,II.37.1__nz0.02,0.00825,0.03949,pipeline
rf,II.37.1__nz0,0.26245712355188516,0.5137168909055138,baseline
ours,II.37.1__nz0,0.0,0.0,pipeline
rf,II.38.14__nz0.01,0.23002527123981084,0.35089511555446645,baseline
ours,II.38.14__nz0.01,0.00247,0.02014,pipeline
rf,II.38.14__nz0.02,0.22856730501810624,0.3508277077553548,baseline
ours,II.38.14__nz0.02,0.00271,0.0201,pipeline
rf,II.38.14__nz0,0.23087634715417651,0.35092282998827456,baseline
ours,II.38.14__nz0,0.00333,0.01615,pipeline
rf,II.38.3__nz0.01,0.5448418900568018,0.681430744647196,baseline
ours,II.38.3__nz0.01,7e-05,6e-05,pipeline
rf,II.38.3__nz0.02,0.5448601328570983,0.6822298604992291,baseline
ours,II.38.3__nz0.02,0.00014,0.00013,pipeline
rf,II.38.3__nz0,0.5395699402777806,0.6796810696456808,baseline
ours,II.38.3__nz0,0.0,0.0,pipeline
rf,II.4.23__nz0.01,0.44899242319275745,0.5179408008120374,baseline
ours,II.4.23__nz0.01,3e-05,2e-05,pipeline
rf,II.4.23__nz0.02,0.4352887430977664,0.5122092289524129,baseline
ours,II.4.23__nz0.02,6e-05,5e-05,pipeline
rf,II.4.23__nz0,0.4400240566378824,0.5134995453109468,baseline
ours,II.4.23__nz0,0.0,0.0,pipeline
rf,II.6.11__nz0.01,0.38907371452377143,0.7071600415832526,baseline
rf,II.6.11__nz0.02,0.39123922136513917,0.7050582351099244,baseline
rf,II.6.11__nz0,0.39610742742557725,0.7047653326431749,baseline
rf,II.6.15a__nz0.01,0.45251626600637823,0.7187267484696644,baseline
rf,II.6.15a__nz0.02,0.4438035705177255,0.7198176017532013,baseline
rf,II.6.15a__nz0,0.4501855243553135,0.7183370405846293,baseline
rf,II.6.15b__nz0.01,0.7393053624559061,1.1373320408491638,baseline
rf,II.6.15b__nz0.02,0.7478692188357365,1.138878546082545,baseline
rf,II.6.15b__nz0,0.7223568782673141,1.1339872404964786,baseline
rf,II.8.31__nz0.01,0.1296005698947584,0.4879029450337607,baseline
ours,II.8.31__nz0.01,0.0006,0.00055,pipeline
rf,II.8.31__nz0.02,0.12899956779759744,0.48687589725267905,baseline
ours,II.8.31__nz0.02,0.0012,0.0011,pipeline
rf,II.8.31__nz0,0.12995647786026582,0.48600556273269413,baseline
ours,II.8.31__nz0,0.0,0.0,pipeline
rf,II.8.7__nz0.01,0.31153220932289344,0.5111635925768735,baseline
ours,II.8.7__nz0.01,9e-05,8e-05,pipeline
rf,II.8.7__nz0.02,0.3182821465464003,0.5145539912436194,baseline
ours,II.8.7__nz0.02,0.00018,0.00016,pipeline
rf,II.8.7__nz0,0.31132541634749217,0.5116476882892717,baseline
ours,II.8.7__nz0,0.0,0.0,pipeline
rf,III.10.19__nz0.01,0.2734974273708688,0.566222925273157,baseline
ours,III.10.19__nz0.01,0.02484,0.0933,pipeline
rf,III.10.19__nz0.02,0.27097801667802635,0.5643375365101991,baseline
ours,III.10.19__nz0.02,0.02507,0.09684,pipeline
rf,III.10.19__nz0,0.27289968931508096,0.565318322563063,baseline
ours,III.10.19__nz0,0.02471,0.0898,pipeline
rf,III.12.43__nz0.01,0.14033796426544137,0.39591020602924054,baseline
ours,III.12.43__nz0.01,0.0016,0.00336,pipeline
rf,III.12.43__nz0.02,0.13822648360778106,0.39442581033271196,baseline
ours,III.12.43__nz0.02,0.00319,0.00673,pipeline
rf,III.12.43__nz0,0.143295127108618,0.3962462635010649,baseline
ours,III.12.43__nz0,0.0,0.0,pipeline
rf,III.13.18__nz0.01,0.40298973402814586,0.6731373442839226,baseline
ours,III.13.18__nz0.01,0.00113,0.00104,pipeline
rf,III.13.18__nz0.02,0.4047035448055541,0.6725916480037901,baseline
ours,III.13.18__nz0.02,0.00227,0.00208,pipeline
rf,III.13.18__nz0,0.4133685707737071,0.6774803282797407,baseline
ours,III.13.18__nz0,0.0,0.0,pipeline
rf,III.14.14__nz0.01,0.6840156046001549,1.0050315874052456,baseline
ours,III.14.14__nz0.01,0.95277,1.00688,pipeline
rf,III.14.14__nz0.02,0.6898137390638935,1.0050576550062875,baseline
ours,III.14.14__nz0.02,0.95279,1.00688,pipeline
rf,III.14.14__nz0,0.6897666287710102,1.0050347465033287,baseline
ours,III.14.14__nz0,0.95274,1.00688,pipeline
rf,III.15.12__nz0.01,0.9307171297126978,0.921020968400639,baseline
ours,III.15.12__nz0.01,0.94224,1.08871,pipeline
rf,III.15.12__nz0.02,0.9359897067559778,0.9194405330946509,baseline
ours,III.15.12__nz0.02,0.94225,1.08948,pipeline
rf,III.15.12__nz0,0.9388631587977041,0.9258367961127566,baseline
ours,III.15.12__nz0,0.94223,1.08794,pipeline
rf,III.15.14__nz0.01,0.4593763929747235,0.6558203615941021,baseline
rf,III.15.14__nz0.02,0.457683466236285,0.6576081427240126,baseline
rf,III.15.14__nz0,0.4724975914115249,0.6586362531169617,baseline
rf,III.15.27__nz0.01,0.4488488848752566,0.5175211117682019,baseline
ours,III.15.27__nz0.01,0.00187,0.00258,pipeline
rf,III.15.27__nz0.02,0.44062465489482855,0.5150266624256032,baseline
ours,III.15.27__nz0.02,0.00375,0.00517,pipeline
rf,III.15.27__nz0,0.44001120659314746,0.5148241909993323,baseline
ours,III.15.27__nz0,0.0,0.0,pipeline
rf,III.17.37__nz0.01,0.38575817585015115,0.8792039124754355,baseline
ours,III.17.37__nz0.01,0.30498,1.32345,pipeline
rf,III.17.37__nz0.02,0.3829111112577338,0.8724294996870274,baseline
ours,III.17.37__nz0.02,0.30497,1.32435,pipeline
rf,III.17.37__nz0,0.3833199533566857,0.8813520221738487,baseline
ours,III.17.37__nz0,0.30501,1.32256,pipeline
rf,III.19.51__nz0.01,0.805861083756382,0.8957388262399132,baseline
rf,III.19.51__nz0.02,0.7821952472828104,0.9261049794608422,baseline
rf,III.19.51__nz0,0.7592564738458263,0.9065134432048483,baseline
rf,III.21.20__nz0.01,0.4144561112502263,0.6143075593414655,baseline
ours,III.21.20__nz0.01,0.00115,0.00102,pipeline
rf,III.21.20__nz0.02,0.4170012360719124,0.6144701150995601,baseline
ours,III.21.20__nz0.02,0.00231,0.00204,pipeline
rf,III.21.20__nz0,0.4175388084033622,0.6166178405434147,baseline
ours,III.21.20__nz0,0.0,0.0,pipeline
rf,III.4.32__nz0.01,0.5960634833410084,0.8520396569499481,baseline
ours,III.4.32__nz0.01,0.00062,0.00056,pipeline
rf,III.4.32__nz0.02,0.5976897882359177,0.8537612031102366,baseline
ours,III.4.32__nz0.02,0.00125,0.0011,pipeline
rf,III.4.32__nz0,0.5952006320465738,0.852659189551076,baseline
ours,III.4.32__nz0,1e-05,3e-05,pipeline
rf,III.4.33__nz0.01,0.1492405167026979,0.46359483009446356,baseline
ours,III.4.33__nz0.01,0.00175,0.00513,pipeline
rf,III.4.33__nz0.02,0.14983082769446124,0.4628981013857693,baseline
ours,III.4.33__nz0.02,0.0034,0.00986,pipeline
rf,III.4.33__nz0,0.14780701717567413,0.464647756397705,baseline
ours,III.4.33__nz0,0.00016,0.00043,pipeline
rf,III.7.38__nz0.01,0.3015912252044371,0.510901852317962,baseline
ours,III.7.38__nz0.01,0.00045,0.00039,pipeline
rf,III.7.38__nz0.02,0.2996772553467131,0.5102632098538674,baseline
ours,III.7.38__nz0.02,0.0009,0.00077,pipeline
rf,III.7.38__nz0,0.3047154505644894,0.5129517424215752,baseline
ours,III.7.38__nz0,0.0,0.0,pipeline
rf,III.8.54__nz0.01,1.098620121735833,1.1434020568913958,baseline
ours,III.8.54__nz0.01,1.03461,1.14781,pipeline
rf,III.8.54__nz0.02,1.0992367673028745,1.1452154476760388,baseline
ours,III.8.54__nz0.02,1.03473,1.14839,pipeline
rf,III.8.54__nz0,1.1016794950112443,1.1477261576852245,baseline
ours,III.8.54__nz0,1.0345,1.14723,pipeline
rf,III.9.52__nz0.01,0.9252251186038721,1.007955502186947,baseline
ours,III.9.52__nz0.01,0.85048,1.72613,pipeline
rf,III.9.52__nz0.02,0.9230353450574205,1.011821085533191,baseline
ours,III.9.52__nz0.02,0.85007,1.74659,pipeline
rf,III.9.52__nz0,0.9317503251388409,1.0062515256542206,baseline
ours,III.9.52__nz0,0.85089,1.70585,pipeline
