eq_id,eq_name,ref,target_unit,n_vars,noise,cand_total,cand_kept,prune_ratio,truncated,n_cols,n_terms,val_rss,r2_train,intercept,truth,pred,verdict,max_rel,ratio,nmse_train,r2_extrap,nmse_extrap,seconds
P01,滑动摩擦力,Feynman I.12.1,N,2,0.0,640,94,0.8531,False,70,1,0.0,1.0,0.0,mu*f_n,1*(f_n*mu),exact,0.0,1.0,0.0,1.0,0.0,0.110356
P01,滑动摩擦力,Feynman I.12.1,N,2,0.01,640,94,0.8531,False,70,1,0.019673,0.99992,-0.002569,mu*f_n,1.001*(f_n*mu),up_to_constant,0.019138,0.99905,0.0,0.999999,0.0,0.066476
P01,滑动摩擦力,Feynman I.12.1,N,2,0.02,640,94,0.8531,False,70,1,0.078692,0.999682,-0.005138,mu*f_n,1.002*(f_n*mu) + -0.005138,up_to_constant,0.038277,0.9981,1e-06,0.999997,1e-06,0.066731
P02,动量,经典力学,kg*m/s,2,0.0,40,1,0.975,False,1,1,0.0,1.0,-0.0,m*v,1*(m*v),exact,0.0,1.0,0.0,1.0,0.0,0.051244
P02,动量,经典力学,kg*m/s,2,0.01,40,1,0.975,False,1,1,8.331907,0.99992,-0.046849,m*v,1.001*(m*v),up_to_constant,0.083722,0.996996,0.0,0.999999,0.0,0.065626
P02,动量,经典力学,kg*m/s,2,0.02,40,1,0.975,False,1,1,33.327629,0.999683,-0.093698,m*v,1.002*(m*v) + -0.0937,up_to_constant,0.167444,0.993992,1e-06,0.999996,1e-06,0.066709
P03,动能,经典力学,J,2,0.0,40,1,0.975,False,1,1,0.0,1.0,0.0,m*v**2/2,0.5*(m*v**(2)),exact,0.0,1.0,0.0,1.0,0.0,0.065754
P03,动能,经典力学,J,2,0.01,40,1,0.975,False,1,1,780.440234,0.99992,-0.240805,m*v**2/2,0.5003*(m*v**(2)),up_to_constant,0.124621,0.995221,0.0,0.999999,0.0,0.067667
P03,动能,经典力学,J,2,0.02,40,1,0.975,False,1,1,3121.760937,0.999681,-0.481611,m*v**2/2,0.5007*(m*v**(2)),up_to_constant,0.249241,0.990442,1e-06,0.999998,1e-06,0.066395
P04,欧姆定律,电学,V,2,0.0,40,1,0.975,False,1,1,0.0,1.0,0.0,curr*res,1*(curr*res),exact,0.0,1.0,0.0,1.0,0.0,0.066023
P04,欧姆定律,电学,V,2,0.01,40,1,0.975,False,1,1,280.895818,0.99992,0.070072,curr*res,0.9999*(curr*res),up_to_constant,0.042812,1.00712,0.0,1.0,0.0,0.064652
P04,欧姆定律,电学,V,2,0.02,40,1,0.975,False,1,1,1123.583272,0.999678,0.140145,curr*res,0.9998*(curr*res),up_to_constant,0.085623,1.01424,0.0,1.0,0.0,0.066179
P05,电功率,电学,W,2,0.0,40,1,0.975,False,1,1,0.0,1.0,-0.0,volt*curr,1*(curr*volt),exact,0.0,1.0,0.0,1.0,0.0,0.066737
P05,电功率,电学,W,2,0.01,40,1,0.975,False,1,1,31.428932,0.99992,-0.002133,volt*curr,1*(curr*volt),up_to_constant,0.004143,0.999906,0.0,1.0,0.0,0.070626
P05,电功率,电学,W,2,0.02,40,1,0.975,False,1,1,125.71573,0.999679,-0.004266,volt*curr,1.001*(curr*volt),up_to_constant,0.008286,0.999812,0.0,1.0,0.0,0.060832
P06,弹簧弹性势能,经典力学,J,2,0.0,40,1,0.975,False,1,1,0.0,1.0,0.0,k*x**2/2,0.5*(k*x**(2)),exact,0.0,1.0,0.0,1.0,0.0,0.066328
P06,弹簧弹性势能,经典力学,J,2,0.01,40,1,0.975,False,1,1,85.657946,0.99992,0.071824,k*x**2/2,0.4998*(k*x**(2)),up_to_constant,0.085485,1.01189,0.0,1.0,0.0,0.065897
P06,弹簧弹性势能,经典力学,J,2,0.02,40,1,0.975,False,1,1,342.631783,0.999679,0.143648,k*x**2/2,0.4996*(k*x**(2)) + 0.1436,up_to_constant,0.170971,1.023781,1e-06,0.999999,1e-06,0.065622
P07,牛顿第二定律,经典力学,m/s^2,2,0.0,40,1,0.975,False,1,1,0.0,1.0,-0.0,f/m,1*(f*1/m),exact,0.0,1.0,0.0,1.0,0.0,0.066118
P07,牛顿第二定律,经典力学,m/s^2,2,0.01,40,1,0.975,False,1,1,0.079043,0.99992,0.002107,f/m,0.9995*(f*1/m),up_to_constant,0.047004,1.006773,0.0,1.0,0.0,0.067468
P07,牛顿第二定律,经典力学,m/s^2,2,0.02,40,1,0.975,False,1,1,0.316172,0.999679,0.004215,f/m,0.999*(f*1/m) + 0.004215,up_to_constant,0.094008,1.013546,1e-06,0.999998,1e-06,0.065701
P08,密度,经典力学,kg/m^3,2,0.0,40,1,0.975,False,1,1,0.0,1.0,0.0,m/vol,1*(m*1/vol),exact,0.0,1.0,0.0,1.0,0.0,0.065317
P08,密度,经典力学,kg/m^3,2,0.01,40,1,0.975,False,1,1,22084.983768,0.99992,1.199626,m/vol,0.9992*(m*1/vol) + 1.2,up_to_constant,0.07926,1.012969,0.0,0.999999,1e-06,0.070707
P08,密度,经典力学,kg/m^3,2,0.02,40,1,0.975,False,1,1,88339.935073,0.99968,2.399251,m/vol,0.9985*(m*1/vol) + 2.399,up_to_constant,0.158521,1.025937,2e-06,0.999997,2e-06,0.064963
P09,压强,经典力学,Pa,2,0.0,40,1,0.975,False,1,1,0.0,1.0,-0.0,f/area,1*(1/area*f),exact,0.0,1.0,0.0,1.0,0.0,0.06264
P09,压强,经典力学,Pa,2,0.01,40,1,0.975,False,1,1,7666065.309868,0.99992,22.581421,f/area,0.9992*(1/area*f) + 22.58,up_to_constant,0.090031,1.015051,1e-06,0.999999,1e-06,0.066347
P09,压强,经典力学,Pa,2,0.02,40,1,0.975,False,1,1,30664261.239471,0.99968,45.162841,f/area,0.9984*(1/area*f) + 45.16,up_to_constant,0.180063,1.030103,2e-06,0.999997,3e-06,0.065482
P10,安培力,电磁学,N,3,0.0,124,1,0.9919,False,1,1,0.0,1.0,0.0,curr*ell*b,1*(b*curr*ell),exact,0.0,1.0,0.0,1.0,0.0,0.067461
P10,安培力,电磁学,N,3,0.01,124,1,0.9919,False,1,1,0.018213,0.99992,-0.000592,curr*ell*b,1.001*(b*curr*ell),up_to_constant,0.03603,0.996242,0.0,1.0,0.0,0.065596
P10,安培力,电磁学,N,3,0.02,124,1,0.9919,False,1,1,0.07285,0.999681,-0.001185,curr*ell*b,1.001*(b*curr*ell),up_to_constant,0.07206,0.992484,1e-06,0.999998,1e-06,0.066565
P11,单摆周期,经典力学,s,2,0.0,40,1,0.975,False,1,1,0.0,1.0,-0.0,sqrt(ell/g),1*(sqrt(Abs(ell))*Abs(g)**(-1/2)),exact,0.0,1.0,0.0,1.0,0.0,0.062883
P11,单摆周期,经典力学,s,2,0.01,40,1,0.975,False,1,1,0.000219,0.99992,1e-05,sqrt(ell/g),1*(sqrt(Abs(ell))*Abs(g)**(-1/2)),up_to_constant,0.000172,1.000091,0.0,1.0,0.0,0.06779
P11,单摆周期,经典力学,s,2,0.02,40,1,0.975,False,1,1,0.000877,0.999679,2.1e-05,sqrt(ell/g),1*(sqrt(Abs(ell))*Abs(g)**(-1/2)),up_to_constant,0.000345,1.000182,0.0,1.0,0.0,0.064929
P12,热传导功率,Feynman II.2.42,W,4,0.0,368,2,0.9946,False,2,1,0.0,1.0,-0.0,cond*area*dtemp/thick,1*(area*cond*dtemp*1/thick),exact,0.0,1.0,0.0,1.0,0.0,0.074341
P12,热传导功率,Feynman II.2.42,W,4,0.01,368,2,0.9946,False,2,1,3253007874.706032,0.99992,-77.983863,cond*area*dtemp/thick,1.001*(area*cond*dtemp*1/thick),up_to_constant,0.00979,0.997733,0.0,0.999999,0.0,0.066459
P12,热传导功率,Feynman II.2.42,W,4,0.02,368,2,0.9946,False,2,1,13012031498.82411,0.999682,-155.967726,cond*area*dtemp/thick,1.001*(area*cond*dtemp*1/thick),up_to_constant,0.019581,0.995466,2e-06,0.999998,2e-06,0.06598
P13,角动量,经典力学,kg*m^2/s,3,0.0,124,1,0.9919,False,1,1,0.0,1.0,-0.0,m*v*r,1*(m*r*v),exact,0.0,1.0,0.0,1.0,0.0,0.058409
P13,角动量,经典力学,kg*m^2/s,3,0.01,124,1,0.9919,False,1,1,115.63529,0.999921,-0.129077,m*v*r,1.001*(m*r*v),up_to_constant,0.115539,0.995767,0.0,0.999999,1e-06,0.065688
P13,角动量,经典力学,kg*m^2/s,3,0.02,124,1,0.9919,False,1,1,462.541159,0.999683,-0.258154,m*v*r,1.002*(m*r*v) + -0.2582,up_to_constant,0.231079,0.991534,2e-06,0.999996,2e-06,0.066508
P14,环形电流磁矩,Feynman II.34.2,A*m^2,3,0.0,124,1,0.9919,False,1,1,0.0,1.0,-0.0,q*v*r/2,0.5*(q*r*v),exact,0.0,1.0,0.0,1.0,0.0,0.066449
P14,环形电流磁矩,Feynman II.34.2,A*m^2,3,0.01,124,1,0.9919,False,1,1,0.0,0.99992,-1e-06,q*v*r/2,0.5002*(q*r*v),up_to_constant,0.018012,0.997258,0.0,1.0,0.0,0.066502
P14,环形电流磁矩,Feynman II.34.2,A*m^2,3,0.02,124,1,0.9919,False,1,1,1e-06,0.99968,-1e-06,q*v*r/2,0.5005*(q*r*v),up_to_constant,0.036024,0.994517,1e-06,0.999999,1e-06,0.06374
P15,力矩,Feynman I.18.4,N*m,3,0.0,1984,63,0.9682,False,49,1,0.0,1.0,0.0,r*f*sin(theta),1*(f*r*sin(theta)),exact,0.0,1.0,0.0,1.0,0.0,0.12244
P15,力矩,Feynman I.18.4,N*m,3,0.01,1984,63,0.9682,False,49,1,38.1512,0.999921,-0.081919,r*f*sin(theta),1.001*(f*r*sin(theta)),up_to_constant,0.132514,0.996463,0.0,0.999999,1e-06,0.109915
P15,力矩,Feynman I.18.4,N*m,3,0.02,1984,63,0.9682,False,49,1,152.604799,0.999683,-0.163838,r*f*sin(theta),1.002*(f*r*sin(theta)) + -0.1638,up_to_constant,0.265027,0.992927,2e-06,0.999996,2e-06,0.110662
P16,匀强电场强度,电磁学,V/m,2,0.0,40,1,0.975,False,1,1,0.0,1.0,-0.0,volt/d,1*(1/d*volt),exact,0.0,1.0,0.0,1.0,0.0,0.050556
P16,匀强电场强度,电磁学,V/m,2,0.01,40,1,0.975,False,1,1,7666065.309868,0.99992,22.581421,volt/d,0.9992*(1/d*volt) + 22.58,up_to_constant,0.090031,1.015051,1e-06,0.999999,1e-06,0.066161
P16,匀强电场强度,电磁学,V/m,2,0.02,40,1,0.975,False,1,1,30664261.239471,0.99968,45.162841,volt/d,0.9984*(1/d*volt) + 45.16,up_to_constant,0.180063,1.030103,2e-06,0.999997,3e-06,0.064772
P17,电容电荷量,电学,C,2,0.0,40,1,0.975,False,1,1,0.0,1.0,0.0,cap*volt,1*(cap*volt),exact,0.0,1.0,0.0,1.0,0.0,0.065158
P17,电容电荷量,电学,C,2,0.01,40,1,0.975,False,1,1,1e-06,0.99992,5e-06,cap*volt,0.9998*(cap*volt),up_to_constant,0.045327,1.006857,0.0,1.0,0.0,0.067408
P17,电容电荷量,电学,C,2,0.02,40,1,0.975,False,1,1,3e-06,0.999678,1e-05,cap*volt,0.9995*(cap*volt) + 9.552e-06,up_to_constant,0.090654,1.013713,0.0,1.0,0.0,0.066924
P18,电容储能,电学,J,2,0.0,40,1,0.975,False,1,1,0.0,1.0,-0.0,cap*volt**2/2,0.5*(cap*volt**(2)),exact,0.0,1.0,0.0,1.0,0.0,0.066509
P18,电容储能,电学,J,2,0.01,40,1,0.975,False,1,1,0.00172,0.99992,0.000178,cap*volt**2/2,0.4999*(cap*volt**(2)),up_to_constant,0.040452,1.006544,0.0,1.0,0.0,0.065805
P18,电容储能,电学,J,2,0.02,40,1,0.975,False,1,1,0.00688,0.999678,0.000356,cap*volt**2/2,0.4999*(cap*volt**(2)) + 0.000356,up_to_constant,0.080905,1.013089,0.0,1.0,0.0,0.065925
P19,相对论因子（预期失败案例）,狭义相对论,(无量纲),2,0.0,640,80,0.875,False,59,9,6e-06,1.0,9.798796,1/sqrt(1-v**2/c_light**2),-10.72*(1/(1+(v/c_light)**2)) + -5.682*(Abs(c_light)**(-1/2)*sqrt(Abs(v))*(v/c_light)**2) + -4.948*(1/c_light*v*exp(-(v/c_light)**2)) + -4.782*(1/c_light*v*log(Abs(v/c_light))) + 4.567*(1/c_light*v*(v/c_light)**3) + 0.3993*(sqrt(Abs(c_light))*Abs(v)**(-1/2)*exp(v/c_light)) + -0.003852*(1/(v/c_light)**2) + 9.799,wrong,2.274257,0.884066,0.106039,-5.204761,0.384113,0.082167
P19,相对论因子（预期失败案例）,狭义相对论,(无量纲),2,0.01,640,80,0.875,False,59,7,4e-05,0.999926,1.622538,1/sqrt(1-v**2/c_light**2),1.833*(1/c_light*v*(v/c_light)**3) + 1.4*(1/c_light*v*log(Abs(v/c_light))) + -1.061*(Abs(c_light)**(-1/2)*sqrt(Abs(v))*(v/c_light)**2) + 0.9403*(1/c_light*v*exp(-(v/c_light)**2)) + -0.1188*(sqrt(Abs(c_light))*Abs(v)**(-1/2)*exp(v/c_light)) + 0.0003563*(1/(v/c_light)**2) + 1.623,up_to_constant,0.111638,1.004272,0.000203,0.830031,0.010522,0.064764
P19,相对论因子（预期失败案例）,狭义相对论,(无量纲),2,0.02,640,80,0.875,False,59,5,0.00012,0.999501,0.921081,1/sqrt(1-v**2/c_light**2),1.21*(Abs(c_light)**(-1/2)*sqrt(Abs(v))*(v/c_light)**2) + -0.4378*(1/c_light*v*log(Abs(v/c_light))) + -0.3375*(1/c_light*v*exp(-(v/c_light)**2)) + 0.0001487*(1/(v/c_light)**2) + 0.9211,up_to_constant,0.074526,1.002895,9.4e-05,0.732555,0.016556,0.067834
P20,指数衰减,经典,(无量纲),2,0.0,640,80,0.875,False,59,1,0.0,1.0,0.0,exp(-t/tau),1*(exp(-(t/tau))),exact,0.0,1.0,0.0,1.0,0.0,0.066057
P20,指数衰减,经典,(无量纲),2,0.01,640,80,0.875,False,59,1,8.1e-05,0.99992,0.000164,exp(-t/tau),0.9992*(exp(-(t/tau))),up_to_constant,0.216435,1.008726,0.0,0.999999,0.0,0.069364
P20,指数衰减,经典,(无量纲),2,0.02,640,80,0.875,False,59,1,0.000322,0.99968,0.000327,exp(-t/tau),0.9984*(exp(-(t/tau))) + 0.0003271,approx,0.432871,1.017452,1e-06,0.999997,2e-06,0.065412
P21,高斯核,Feynman I.6.20,(无量纲),2,0.0,1840,250,0.8641,True,213,1,0.0,1.0,-0.0,exp(-x**2/(2*sigma**2)),1*(exp(-(x/sigma)**2/2)),exact,0.0,1.0,0.0,1.0,0.0,0.135476
P21,高斯核,Feynman I.6.20,(无量纲),2,0.01,1840,250,0.8641,True,213,1,0.000294,0.99992,-0.000365,exp(-x**2/(2*sigma**2)),1.001*(exp(-(x/sigma)**2/2)),up_to_constant,0.290336,0.989875,0.0,0.999999,0.0,0.133396
P21,高斯核,Feynman I.6.20,(无量纲),2,0.02,1840,250,0.8641,True,213,1,0.001175,0.999683,-0.00073,exp(-x**2/(2*sigma**2)),1.002*(exp(-(x/sigma)**2/2)) + -0.0007303,approx,0.580671,0.97975,1e-06,0.999997,1e-06,0.136061
