arm,eq_id,n_vars,noise,units_usable,var_acc,target_ok,cand_total,cand_kept,n_terms,r2_train,r2_extrap,verdict,pred
oracle,I.10.7,3,0.0,1,3/3,1,1984,48,9,1.0,0.998679165603893,up_to_constant,-3521*(c*m_0*1/v*sin(v/c)) + 2298*(m_0) + 1481*(m_0*cos(v/c)) + -413.2*(m_0*exp(-(v/c)**2/2)) + 156.4*(c*m_0*1/v*tanh(v/c)) + -0.9347*(m_0*(v/c)**3)
inferred,I.10.7,3,0.0,1,3/3,1,1984,48,9,1.0,0.998679165603893,up_to_constant,-3521*(c*m_0*1/v*sin(v/c)) + 2298*(m_0) + 1481*(m_0*cos(v/c)) + -413.2*(m_0*exp(-(v/c)**2/2)) + 156.4*(c*m_0*1/v*tanh(v/c)) + -0.9347*(m_0*(v/c)**3)
oracle,I.10.7,3,0.01,1,3/3,1,1984,48,4,0.99992,0.9968954964642562,up_to_constant,0.99*(m_0) + 0.9492*(m_0*(v/c)**3) + 0.1195*(1/c*m_0*v*exp(-(v/c)**2))
inferred,I.10.7,3,0.01,1,3/3,1,1984,48,4,0.99992,0.9968954964642562,up_to_constant,0.99*(m_0) + 0.9492*(m_0*(v/c)**3) + 0.1195*(1/c*m_0*v*exp(-(v/c)**2))
oracle,I.10.7,3,0.02,1,3/3,1,1984,48,2,0.999566,0.9987318934312511,up_to_constant,1.161*(m_0*(v/c)**3) + 1.012*(m_0)
inferred,I.10.7,3,0.02,1,3/3,1,1984,48,2,0.999566,0.9987318934312511,up_to_constant,1.161*(m_0*(v/c)**3) + 1.012*(m_0)
oracle,I.11.19,6,0.0,1,6/6,1,94468,250,7,0.861895,0.7465525316263083,wrong,4.732*(x1*y3) + -1.896*(x1**(2)*exp(-(x1/y3)**2/2)) + -1.2*(x1**(2)*exp(-(y2/y3)**2/2)) + 1.07*(x2*x3) + -0.4689*(x1**(2)*1/(y1/y3)) + -0.3559*(y3**(2)) + -0.2976*(x1**(2)*exp(-(x1/x3)**2/2))
inferred,I.11.19,6,0.0,1,6/6,1,94468,250,7,0.861895,0.7465525316263083,wrong,4.732*(x1*y3) + -1.896*(x1**(2)*exp(-(x1/y3)**2/2)) + -1.2*(x1**(2)*exp(-(y2/y3)**2/2)) + 1.07*(x2*x3) + -0.4689*(x1**(2)*1/(y1/y3)) + -0.3559*(y3**(2)) + -0.2976*(x1**(2)*exp(-(x1/x3)**2/2))
oracle,I.11.19,6,0.01,1,6/6,1,94468,250,7,0.861332,0.7470065441070655,wrong,4.731*(x1*y3) + -1.89*(x1**(2)*exp(-(x1/y3)**2/2)) + -1.205*(x1**(2)*exp(-(y2/y3)**2/2)) + 1.07*(x2*x3) + -0.4667*(x1**(2)*1/(y1/y3)) + -0.3581*(y3**(2)) + -0.2959*(x1**(2)*exp(-(x1/x3)**2/2))
inferred,I.11.19,6,0.01,1,6/6,1,94468,250,7,0.861332,0.7470065441070655,wrong,4.731*(x1*y3) + -1.89*(x1**(2)*exp(-(x1/y3)**2/2)) + -1.205*(x1**(2)*exp(-(y2/y3)**2/2)) + 1.07*(x2*x3) + -0.4667*(x1**(2)*1/(y1/y3)) + -0.3581*(y3**(2)) + -0.2959*(x1**(2)*exp(-(x1/x3)**2/2))
oracle,I.11.19,6,0.02,1,6/6,1,94468,250,7,0.860647,0.7474454170849827,wrong,4.73*(x1*y3) + -1.884*(x1**(2)*exp(-(x1/y3)**2/2)) + -1.21*(x1**(2)*exp(-(y2/y3)**2/2)) + 1.07*(x2*x3) + -0.4645*(x1**(2)*1/(y1/y3)) + -0.3604*(y3**(2)) + -0.2942*(x1**(2)*exp(-(x1/x3)**2/2))
inferred,I.11.19,6,0.02,1,6/6,1,94468,250,7,0.860647,0.7474454170849827,wrong,4.73*(x1*y3) + -1.884*(x1**(2)*exp(-(x1/y3)**2/2)) + -1.21*(x1**(2)*exp(-(y2/y3)**2/2)) + 1.07*(x2*x3) + -0.4645*(x1**(2)*1/(y1/y3)) + -0.3604*(y3**(2)) + -0.2942*(x1**(2)*exp(-(x1/x3)**2/2))
oracle,I.12.1,2,0.0,1,1/2,0,640,94,1,1.0,1.0,exact,1*(Nn*mu)
inferred,I.12.1,2,0.0,0,1/2,0,,,,,,units_unavailable,(目标量或变量单位无法判断)
oracle,I.12.1,2,0.01,1,1/2,0,640,94,2,0.999922,0.9999886807364866,up_to_constant,0.9998*(Nn*mu) + -0.0004451*(Nn*mu**(2)*cos(mu))
inferred,I.12.1,2,0.01,0,1/2,0,,,,,,units_unavailable,(目标量或变量单位无法判断)
oracle,I.12.1,2,0.02,1,1/2,0,640,94,2,0.999688,0.9999547229459463,up_to_constant,0.9997*(Nn*mu) + -0.0008903*(Nn*mu**(2)*cos(mu))
inferred,I.12.1,2,0.02,0,1/2,0,,,,,,units_unavailable,(目标量或变量单位无法判断)
oracle,I.12.11,5,0.0,1,5/5,1,15376,159,10,0.999999,0.9998851168340778,approx,1.033*(Ef*q*tanh(theta)) + 1.001*(B*q*v*sin(theta)) + 0.514*(Ef*q*1/theta*exp(-(theta)**2)) + 0.02838*(B*q*theta**(2)*v*exp(-(theta)**2)) + 0.02767*(Ef*q*cos(theta)) + 0.0237*(1/B*Ef**(2)*q*1/v*exp(-(theta)**2/2)) + 0.005561*(1/B*Ef**(2)*q*1/v*sin(theta)) + -0.002263*(B**(2)*1/Ef*q*v**(2)*exp(-(theta))) + -0.0001177*(B**(2)*1/Ef*q*v**(2)*cos(theta))
inferred,I.12.11,5,0.0,1,5/5,1,15376,159,10,0.999999,0.9998851168340778,approx,1.033*(Ef*q*tanh(theta)) + 1.001*(B*q*v*sin(theta)) + 0.514*(Ef*q*1/theta*exp(-(theta)**2)) + 0.02838*(B*q*theta**(2)*v*exp(-(theta)**2)) + 0.02767*(Ef*q*cos(theta)) + 0.0237*(1/B*Ef**(2)*q*1/v*exp(-(theta)**2/2)) + 0.005561*(1/B*Ef**(2)*q*1/v*sin(theta)) + -0.002263*(B**(2)*1/Ef*q*v**(2)*exp(-(theta))) + -0.0001177*(B**(2)*1/Ef*q*v**(2)*cos(theta))
oracle,I.12.11,5,0.01,1,5/5,1,15376,159,10,0.999927,0.999964804743017,up_to_constant,1*(B*q*v*sin(theta)) + 0.6457*(Ef*q) + 0.3472*(Ef*q*tanh(theta)) + 0.188*(Ef*q*1/theta*exp(-(theta)**2)) + 0.02642*(Ef*q*theta**(2)*exp(-(theta))) + 0.01071*(1/B*Ef**(2)*q*1/v*log(Abs(theta))) + 0.009156*(B*q*theta**(2)*v*exp(-(theta)**2)) + -0.006107*(1/B*Ef**(2)*q*1/v*1/(theta)) + 0.0008338*(Ef*q*theta**(2)*cos(theta))
inferred,I.12.11,5,0.01,1,5/5,1,15376,159,10,0.999927,0.999964804743017,up_to_constant,1*(B*q*v*sin(theta)) + 0.6457*(Ef*q) + 0.3472*(Ef*q*tanh(theta)) + 0.188*(Ef*q*1/theta*exp(-(theta)**2)) + 0.02642*(Ef*q*theta**(2)*exp(-(theta))) + 0.01071*(1/B*Ef**(2)*q*1/v*log(Abs(theta))) + 0.009156*(B*q*theta**(2)*v*exp(-(theta)**2)) + -0.006107*(1/B*Ef**(2)*q*1/v*1/(theta)) + 0.0008338*(Ef*q*theta**(2)*cos(theta))
oracle,I.12.11,5,0.02,1,5/5,1,15376,159,7,0.999705,0.9998290092942026,approx,1.327*(Ef*q*tanh(theta)) + 1.001*(B*q*v*sin(theta)) + 0.7477*(Ef*q*1/theta*exp(-(theta)**2)) + -0.3334*(Ef*q) + 0.08074*(Ef*q*theta**(2)*exp(-(theta)**2/2)) + 0.0003869*(B*q*v) + 0.0003369*(1/B*Ef**(2)*q*1/v*exp(theta))
inferred,I.12.11,5,0.02,1,5/5,1,15376,159,7,0.999705,0.9998290092942026,approx,1.327*(Ef*q*tanh(theta)) + 1.001*(B*q*v*sin(theta)) + 0.7477*(Ef*q*1/theta*exp(-(theta)**2)) + -0.3334*(Ef*q) + 0.08074*(Ef*q*theta**(2)*exp(-(theta)**2/2)) + 0.0003869*(B*q*v) + 0.0003369*(1/B*Ef**(2)*q*1/v*exp(theta))
oracle,I.12.2,4,0.0,1,3/4,1,5888,0,0,nan,nan,no_candidates,(无合法候选，未拟合)
inferred,I.12.2,4,0.0,1,3/4,1,5888,0,0,nan,nan,no_candidates,(无合法候选，未拟合)
oracle,I.12.2,4,0.01,1,3/4,1,5888,0,0,nan,nan,no_candidates,(无合法候选，未拟合)
inferred,I.12.2,4,0.01,1,3/4,1,5888,0,0,nan,nan,no_candidates,(无合法候选，未拟合)
oracle,I.12.2,4,0.02,1,3/4,1,5888,0,0,nan,nan,no_candidates,(无合法候选，未拟合)
inferred,I.12.2,4,0.02,1,3/4,1,5888,0,0,nan,nan,no_candidates,(无合法候选，未拟合)
oracle,I.12.4,3,0.0,1,2/3,1,124,0,0,nan,nan,no_candidates,(无合法候选，未拟合)
inferred,I.12.4,3,0.0,1,2/3,1,124,0,0,nan,nan,no_candidates,(无合法候选，未拟合)
oracle,I.12.4,3,0.01,1,2/3,1,124,0,0,nan,nan,no_candidates,(无合法候选，未拟合)
inferred,I.12.4,3,0.01,1,2/3,1,124,0,0,nan,nan,no_candidates,(无合法候选，未拟合)
oracle,I.12.4,3,0.02,1,2/3,1,124,0,0,nan,nan,no_candidates,(无合法候选，未拟合)
inferred,I.12.4,3,0.02,1,2/3,1,124,0,0,nan,nan,no_candidates,(无合法候选，未拟合)
oracle,I.13.12,5,0.0,1,5/5,1,29791,186,8,0.999153,0.40752142223654364,approx,0.5318*(G*m1*m2*1/r1*log(Abs(r1/r2))) + -0.3941*(G*m1**(2)*1/r2*exp(-(r1/r2)**2)) + -0.131*(G*m2**(2)*1/r2*cos(r1/r2)) + 0.1034*(G*m1*m2*1/r2*sin(r1/r2)) + 0.04645*(G*m1*m2*1/r1*exp(r1/r2)) + 0.03051*(G*m2**(2)*1/r2*log(Abs(m1/m2))) + 0.008306*(G*m1**(2)*1/r2*log(Abs(m1/m2))) + 0.007594*(G*m1**(2)*1/r1*(m1/m2)**2)
inferred,I.13.12,5,0.0,1,5/5,1,29791,186,8,0.999153,0.40752142223654364,approx,0.5318*(G*m1*m2*1/r1*log(Abs(r1/r2))) + -0.3941*(G*m1**(2)*1/r2*exp(-(r1/r2)**2)) + -0.131*(G*m2**(2)*1/r2*cos(r1/r2)) + 0.1034*(G*m1*m2*1/r2*sin(r1/r2)) + 0.04645*(G*m1*m2*1/r1*exp(r1/r2)) + 0.03051*(G*m2**(2)*1/r2*log(Abs(m1/m2))) + 0.008306*(G*m1**(2)*1/r2*log(Abs(m1/m2))) + 0.007594*(G*m1**(2)*1/r1*(m1/m2)**2)
oracle,I.13.12,5,0.01,1,5/5,1,29791,186,8,0.999097,0.3917031528465156,approx,0.5321*(G*m1*m2*1/r1*log(Abs(r1/r2))) + -0.385*(G*m1**(2)*1/r2*exp(-(r1/r2)**2)) + -0.1335*(G*m2**(2)*1/r2*cos(r1/r2)) + 0.1061*(G*m1*m2*1/r2*sin(r1/r2)) + 0.04705*(G*m1*m2*1/r1*exp(r1/r2)) + 0.01915*(G*m1**(2)*1/r2*log(Abs(m1/m2))) + 0.00655*(G*m1**(2)*1/r1*(m1/m2)**2) + -0.00484*(G*m2**(2)*1/r2*1/(m1/m2)**2)
inferred,I.13.12,5,0.01,1,5/5,1,29791,186,8,0.999097,0.3917031528465156,approx,0.5321*(G*m1*m2*1/r1*log(Abs(r1/r2))) + -0.385*(G*m1**(2)*1/r2*exp(-(r1/r2)**2)) + -0.1335*(G*m2**(2)*1/r2*cos(r1/r2)) + 0.1061*(G*m1*m2*1/r2*sin(r1/r2)) + 0.04705*(G*m1*m2*1/r1*exp(r1/r2)) + 0.01915*(G*m1**(2)*1/r2*log(Abs(m1/m2))) + 0.00655*(G*m1**(2)*1/r1*(m1/m2)**2) + -0.00484*(G*m2**(2)*1/r2*1/(m1/m2)**2)
oracle,I.13.12,5,0.02,1,5/5,1,29791,186,8,0.998826,0.3957269064404436,approx,0.532*(G*m1*m2*1/r1*log(Abs(r1/r2))) + -0.3576*(G*m1**(2)*1/r2*exp(-(r1/r2)**2)) + -0.1389*(G*m2**(2)*1/r2*cos(r1/r2)) + 0.108*(G*m1*m2*1/r2*sin(r1/r2)) + 0.04686*(G*m1*m2*1/r1*exp(r1/r2)) + 0.03052*(G*m1**(2)*1/r2*log(Abs(m1/m2))) + -0.005223*(G*m2**(2)*1/r2*1/(m1/m2)**2) + 0.00133*(G*m1**(2)*1/r1*(m1/m2)**3)
inferred,I.13.12,5,0.02,1,5/5,1,29791,186,8,0.998826,0.3957269064404436,approx,0.532*(G*m1*m2*1/r1*log(Abs(r1/r2))) + -0.3576*(G*m1**(2)*1/r2*exp(-(r1/r2)**2)) + -0.1389*(G*m2**(2)*1/r2*cos(r1/r2)) + 0.108*(G*m1*m2*1/r2*sin(r1/r2)) + 0.04686*(G*m1*m2*1/r1*exp(r1/r2)) + 0.03052*(G*m1**(2)*1/r2*log(Abs(m1/m2))) + -0.005223*(G*m2**(2)*1/r2*1/(m1/m2)**2) + 0.00133*(G*m1**(2)*1/r1*(m1/m2)**3)
oracle,I.13.4,4,0.0,1,4/4,1,16928,250,9,0.999152,0.8733691927261354,up_to_constant,1.974*(m*u*w*sqrt(Abs(v/u))) + -0.6874*(m*u**(2)*exp(-(u/w)**2)) + -0.2746*(m*u*v*cos(v/w)) + -0.266*(m*v**(2)*exp(-(v/w)**2)) + -0.1685*(m*u**(2)*log(Abs(v/u))) + 0.007485*(m*w**(2)*1/(v/w)**2) + 0.004468*(m*v**(2)*exp(v/w)) + 0.003841*(m*v**(2)*(v/u)**3) + 0.001376*(m*u**(2)*(u/w)**3)
inferred,I.13.4,4,0.0,1,4/4,1,16928,250,9,0.999152,0.8733691927261354,up_to_constant,1.974*(m*u*w*sqrt(Abs(v/u))) + -0.6874*(m*u**(2)*exp(-(u/w)**2)) + -0.2746*(m*u*v*cos(v/w)) + -0.266*(m*v**(2)*exp(-(v/w)**2)) + -0.1685*(m*u**(2)*log(Abs(v/u))) + 0.007485*(m*w**(2)*1/(v/w)**2) + 0.004468*(m*v**(2)*exp(v/w)) + 0.003841*(m*v**(2)*(v/u)**3) + 0.001376*(m*u**(2)*(u/w)**3)
oracle,I.13.4,4,0.01,1,4/4,1,16928,250,9,0.998784,0.9398244824772682,up_to_constant,1.971*(m*u*w*sqrt(Abs(v/u))) + -0.7276*(m*u**(2)*exp(-(u/w)**2)) + -0.354*(m*u*v*cos(v/w)) + -0.1871*(m*u**(2)*log(Abs(v/u))) + -0.05493*(m*w**(2)*exp(-(u/w)**2)) + -0.02796*(m*v**(2)*cos(v/u)) + 0.01008*(m*w**(2)*1/(v/w)**2) + 0.003812*(m*v**(2)*exp(v/w)) + 0.002644*(m*v**(2)*(v/u)**3)
inferred,I.13.4,4,0.01,1,4/4,1,16928,250,9,0.998784,0.9398244824772682,up_to_constant,1.971*(m*u*w*sqrt(Abs(v/u))) + -0.7276*(m*u**(2)*exp(-(u/w)**2)) + -0.354*(m*u*v*cos(v/w)) + -0.1871*(m*u**(2)*log(Abs(v/u))) + -0.05493*(m*w**(2)*exp(-(u/w)**2)) + -0.02796*(m*v**(2)*cos(v/u)) + 0.01008*(m*w**(2)*1/(v/w)**2) + 0.003812*(m*v**(2)*exp(v/w)) + 0.002644*(m*v**(2)*(v/u)**3)
oracle,I.13.4,4,0.02,1,4/4,1,16928,250,9,0.998545,0.9318295725715112,up_to_constant,1.964*(m*u*w*sqrt(Abs(v/u))) + -0.6775*(m*u**(2)*exp(-(u/w)**2)) + -0.3498*(m*u*v*cos(v/w)) + -0.1868*(m*u**(2)*log(Abs(v/u))) + -0.06748*(m*w**(2)*exp(-(u/w)**2)) + -0.04251*(m*v*w*cos(v/u)) + 0.0106*(m*w**(2)*1/(v/w)**2) + 0.003962*(m*v**(2)*exp(v/w)) + 0.002657*(m*v**(2)*(v/u)**3)
inferred,I.13.4,4,0.02,1,4/4,1,16928,250,9,0.998545,0.9318295725715112,up_to_constant,1.964*(m*u*w*sqrt(Abs(v/u))) + -0.6775*(m*u**(2)*exp(-(u/w)**2)) + -0.3498*(m*u*v*cos(v/w)) + -0.1868*(m*u**(2)*log(Abs(v/u))) + -0.06748*(m*w**(2)*exp(-(u/w)**2)) + -0.04251*(m*v*w*cos(v/u)) + 0.0106*(m*w**(2)*1/(v/w)**2) + 0.003962*(m*v**(2)*exp(v/w)) + 0.002657*(m*v**(2)*(v/u)**3)
oracle,I.6.2,2,0.0,1,1/2,0,1840,250,6,0.993192,0.8986932151385055,approx,0.4965*(Abs(sigma)**(-1/2)*tanh(sigma/theta)) + 0.02621*(Abs(theta)**(-1/2)*exp(-(sigma/theta)**2/2)) + -0.01331*(sqrt(Abs(sigma))*sin(theta)) + 0.01272*(sqrt(Abs(theta))*sin(sigma/theta)) + -0.005274*(Abs(sigma)**(-1/2)*1/(sigma/theta)**2) + 0.001334*(sqrt(Abs(theta))*sin(sigma)) + -0.1564
inferred,I.6.2,2,0.0,0,1/2,0,,,,,,units_unavailable,(目标量或变量单位无法判断)
oracle,I.6.2,2,0.01,1,1/2,0,1840,250,6,0.993163,0.8962010958028913,approx,0.4963*(Abs(sigma)**(-1/2)*tanh(sigma/theta)) + 0.02645*(Abs(theta)**(-1/2)*exp(-(sigma/theta)**2/2)) + -0.01331*(sqrt(Abs(sigma))*sin(theta)) + 0.01281*(sqrt(Abs(theta))*sin(sigma/theta)) + -0.005348*(Abs(sigma)**(-1/2)*1/(sigma/theta)**2) + 0.001406*(sqrt(Abs(theta))*sin(sigma)) + -0.1564
inferred,I.6.2,2,0.01,0,1/2,0,,,,,,units_unavailable,(目标量或变量单位无法判断)
oracle,I.6.2,2,0.02,1,1/2,0,1840,250,6,0.99298,0.8936710747578022,approx,0.496*(Abs(sigma)**(-1/2)*tanh(sigma/theta)) + 0.02669*(Abs(theta)**(-1/2)*exp(-(sigma/theta)**2/2)) + -0.01331*(sqrt(Abs(sigma))*sin(theta)) + 0.01289*(sqrt(Abs(theta))*sin(sigma/theta)) + -0.005422*(Abs(sigma)**(-1/2)*1/(sigma/theta)**2) + 0.001478*(sqrt(Abs(theta))*sin(sigma)) + -0.1565
inferred,I.6.2,2,0.02,0,1/2,0,,,,,,units_unavailable,(目标量或变量单位无法判断)
oracle,I.6.2a,1,0.0,1,1/1,0,128,126,1,1.0,1.0,exact,0.3989*(exp(-(theta)**2/2))
inferred,I.6.2a,1,0.0,0,1/1,0,,,,,,units_unavailable,(目标量或变量单位无法判断)
oracle,I.6.2a,1,0.01,1,1/1,0,128,126,3,0.999923,0.9999224466537242,up_to_constant,0.3997*(exp(-(theta)**2/2)) + -0.0004523*(theta**(3)*exp(-(theta)**2/2)) + 0.000237*(theta**(2)*sin(theta)) + -0.0004106
inferred,I.6.2a,1,0.01,0,1/1,0,,,,,,units_unavailable,(目标量或变量单位无法判断)
oracle,I.6.2a,1,0.02,1,1/1,0,128,126,3,0.99969,0.9996897866148969,up_to_constant,0.4004*(exp(-(theta)**2/2)) + -0.0009046*(theta**(3)*exp(-(theta)**2/2)) + 0.0004739*(theta**(2)*sin(theta)) + -0.0008212
inferred,I.6.2a,1,0.02,0,1/1,0,,,,,,units_unavailable,(目标量或变量单位无法判断)
oracle,I.6.2b,3,0.0,1,2/3,0,11284,250,3,0.864007,0.16067598706251807,wrong,0.1182*(cos(sigma)) + -0.02668*(Abs(sigma)**(-1/2)*1/(theta/theta1)**2) + -0.01001*(Abs(sigma)**(-1/2)*(theta/theta1)**3) + 0.2816
inferred,I.6.2b,3,0.0,0,2/3,0,,,,,,units_unavailable,(目标量或变量单位无法判断)
oracle,I.6.2b,3,0.01,1,2/3,0,11284,250,3,0.864223,0.15989088105668703,wrong,0.1181*(cos(sigma)) + -0.02669*(Abs(sigma)**(-1/2)*1/(theta/theta1)**2) + -0.01002*(Abs(sigma)**(-1/2)*(theta/theta1)**3) + 0.2816
inferred,I.6.2b,3,0.01,0,2/3,0,,,,,,units_unavailable,(目标量或变量单位无法判断)
oracle,I.6.2b,3,0.02,1,2/3,0,11284,250,3,0.864302,0.15910400935663083,wrong,0.118*(cos(sigma)) + -0.0267*(Abs(sigma)**(-1/2)*1/(theta/theta1)**2) + -0.01003*(Abs(sigma)**(-1/2)*(theta/theta1)**3) + 0.2816
inferred,I.6.2b,3,0.02,0,2/3,0,,,,,,units_unavailable,(目标量或变量单位无法判断)
oracle,I.8.14,4,0.0,1,4/4,1,33488,250,6,0.108481,-3.5729186206904613,wrong,0.1385*(x1*sin(y1/y2)) + 0.06371*(x2*1/(x1/x2)**2) + 0.0628*(x1*exp(x1/x2)) + 0.05122*(x1*1/(y1/y2)**2) + -0.0333*(x1*(x1/x2)**3) + 0.02675*(x2*sin(y1/y2))
inferred,I.8.14,4,0.0,1,4/4,1,33488,250,6,0.108481,-3.5729186206904613,wrong,0.1385*(x1*sin(y1/y2)) + 0.06371*(x2*1/(x1/x2)**2) + 0.0628*(x1*exp(x1/x2)) + 0.05122*(x1*1/(y1/y2)**2) + -0.0333*(x1*(x1/x2)**3) + 0.02675*(x2*sin(y1/y2))
oracle,I.8.14,4,0.01,1,4/4,1,33488,250,6,0.106512,-3.5841541216088793,wrong,0.1376*(x1*sin(y1/y2)) + 0.0636*(x2*1/(x1/x2)**2) + 0.06321*(x1*exp(x1/x2)) + 0.05116*(x1*1/(y1/y2)**2) + -0.03362*(x1*(x1/x2)**3) + 0.02727*(x2*sin(y1/y2))
inferred,I.8.14,4,0.01,1,4/4,1,33488,250,6,0.106512,-3.5841541216088793,wrong,0.1376*(x1*sin(y1/y2)) + 0.0636*(x2*1/(x1/x2)**2) + 0.06321*(x1*exp(x1/x2)) + 0.05116*(x1*1/(y1/y2)**2) + -0.03362*(x1*(x1/x2)**3) + 0.02727*(x2*sin(y1/y2))
oracle,I.8.14,4,0.02,1,4/4,1,33488,250,6,0.104528,-3.5954942556623637,wrong,0.1367*(x1*sin(y1/y2)) + 0.06362*(x1*exp(x1/x2)) + 0.06349*(x2*1/(x1/x2)**2) + 0.05111*(x1*1/(y1/y2)**2) + -0.03393*(x1*(x1/x2)**3) + 0.02778*(x2*sin(y1/y2))
inferred,I.8.14,4,0.02,1,4/4,1,33488,250,6,0.104528,-3.5954942556623637,wrong,0.1367*(x1*sin(y1/y2)) + 0.06362*(x1*exp(x1/x2)) + 0.06349*(x2*1/(x1/x2)**2) + 0.05111*(x1*1/(y1/y2)**2) + -0.03393*(x1*(x1/x2)**3) + 0.02778*(x2*sin(y1/y2))
