eq_id,noise,has_formula,truth_verdict,r2_train,g0,g1,g2,g3,n_in,n_ex,sign_ok,pred
I.6.2a,0.0,1,exact,1.0,1,1,1,1,0.0,0.0,1,0.3989*(exp(-(theta)**2/2))
I.6.2a,0.01,1,up_to_constant,0.999923,1,1,1,0,0.00171,0.00881,0,0.3997*(exp(-(theta)**2/2)) + -0.0004523*(theta**(3)*exp(-(theta)**2/2)) + 0.000237*(theta**(2)*sin(theta)) + -0.0004106
I.6.2a,0.02,1,up_to_constant,0.99969,1,1,1,0,0.00343,0.01761,0,0.4004*(exp(-(theta)**2/2)) + -0.0009046*(theta**(3)*exp(-(theta)**2/2)) + 0.0004739*(theta**(2)*sin(theta)) + -0.0008212
I.6.2,0.0,1,approx,0.993192,1,0,0,0,0.077,0.31829,0,0.4965*(Abs(sigma)**(-1/2)*tanh(sigma/theta)) + 0.02621*(Abs(theta)**(-1/2)*exp(-(sigma/theta)**2/2)) + -0.01331*(sqrt(Abs(sigma))*sin(theta)) + 0.01272*(sqrt(Abs(theta))*sin(sigma/theta)) + -0.005274*(Abs(sigma)**(-1/2)*1/(sigma/theta)**2) + 0.001334*(sqrt(Abs(theta))*sin(sigma)) + -0.1564
I.6.2,0.01,1,approx,0.993163,1,0,0,0,0.07652,0.32218,0,0.4963*(Abs(sigma)**(-1/2)*tanh(sigma/theta)) + 0.02645*(Abs(theta)**(-1/2)*exp(-(sigma/theta)**2/2)) + -0.01331*(sqrt(Abs(sigma))*sin(theta)) + 0.01281*(sqrt(Abs(theta))*sin(sigma/theta)) + -0.005348*(Abs(sigma)**(-1/2)*1/(sigma/theta)**2) + 0.001406*(sqrt(Abs(theta))*sin(sigma)) + -0.1564
I.6.2,0.02,1,approx,0.99298,1,0,0,0,0.07607,0.32608,0,0.496*(Abs(sigma)**(-1/2)*tanh(sigma/theta)) + 0.02669*(Abs(theta)**(-1/2)*exp(-(sigma/theta)**2/2)) + -0.01331*(sqrt(Abs(sigma))*sin(theta)) + 0.01289*(sqrt(Abs(theta))*sin(sigma/theta)) + -0.005422*(Abs(sigma)**(-1/2)*1/(sigma/theta)**2) + 0.001478*(sqrt(Abs(theta))*sin(sigma)) + -0.1565
I.6.2b,0.0,1,wrong,0.864007,0,0,0,0,0.34987,0.91615,0,0.1182*(cos(sigma)) + -0.02668*(Abs(sigma)**(-1/2)*1/(theta/theta1)**2) + -0.01001*(Abs(sigma)**(-1/2)*(theta/theta1)**3) + 0.2816
I.6.2b,0.01,1,wrong,0.864223,0,0,0,0,0.34994,0.91657,0,0.1181*(cos(sigma)) + -0.02669*(Abs(sigma)**(-1/2)*1/(theta/theta1)**2) + -0.01002*(Abs(sigma)**(-1/2)*(theta/theta1)**3) + 0.2816
I.6.2b,0.02,1,wrong,0.864302,0,0,0,0,0.35001,0.917,0,0.118*(cos(sigma)) + -0.0267*(Abs(sigma)**(-1/2)*1/(theta/theta1)**2) + -0.01003*(Abs(sigma)**(-1/2)*(theta/theta1)**3) + 0.2816
I.8.14,0.0,1,wrong,0.108481,0,0,0,0,1.03684,2.13844,1,0.1385*(x1*sin(y1/y2)) + 0.06371*(x2*1/(x1/x2)**2) + 0.0628*(x1*exp(x1/x2)) + 0.05122*(x1*1/(y1/y2)**2) + -0.0333*(x1*(x1/x2)**3) + 0.02675*(x2*sin(y1/y2))
I.8.14,0.01,1,wrong,0.106512,0,0,0,0,1.03685,2.14106,1,0.1376*(x1*sin(y1/y2)) + 0.0636*(x2*1/(x1/x2)**2) + 0.06321*(x1*exp(x1/x2)) + 0.05116*(x1*1/(y1/y2)**2) + -0.03362*(x1*(x1/x2)**3) + 0.02727*(x2*sin(y1/y2))
I.8.14,0.02,1,wrong,0.104528,0,0,0,0,1.03686,2.14371,1,0.1367*(x1*sin(y1/y2)) + 0.06362*(x1*exp(x1/x2)) + 0.06349*(x2*1/(x1/x2)**2) + 0.05111*(x1*1/(y1/y2)**2) + -0.03393*(x1*(x1/x2)**3) + 0.02778*(x2*sin(y1/y2))
I.9.18,0.0,0,no_candidates,nan,,,,,,,,(无合法候选，未拟合)
I.9.18,0.01,0,no_candidates,nan,,,,,,,,(无合法候选，未拟合)
I.9.18,0.02,0,no_candidates,nan,,,,,,,,(无合法候选，未拟合)
I.10.7,0.0,1,up_to_constant,1.0,1,1,1,1,0.04222,0.03634,1,-3521*(c*m_0*1/v*sin(v/c)) + 2298*(m_0) + 1481*(m_0*cos(v/c)) + -413.2*(m_0*exp(-(v/c)**2/2)) + 156.4*(c*m_0*1/v*tanh(v/c)) + -0.9347*(m_0*(v/c)**3)
I.10.7,0.01,1,up_to_constant,0.99992,1,1,1,1,0.00122,0.05572,1,0.99*(m_0) + 0.9492*(m_0*(v/c)**3) + 0.1195*(1/c*m_0*v*exp(-(v/c)**2))
I.10.7,0.02,1,up_to_constant,0.999566,1,1,1,1,0.00982,0.03561,1,1.161*(m_0*(v/c)**3) + 1.012*(m_0)
I.11.19,0.0,1,wrong,0.861895,0,0,0,0,0.44035,0.50344,1,4.732*(x1*y3) + -1.896*(x1**(2)*exp(-(x1/y3)**2/2)) + -1.2*(x1**(2)*exp(-(y2/y3)**2/2)) + 1.07*(x2*x3) + -0.4689*(x1**(2)*1/(y1/y3)) + -0.3559*(y3**(2)) + -0.2976*(x1**(2)*exp(-(x1/x3)**2/2))
I.11.19,0.01,1,wrong,0.861332,0,0,0,0,0.44023,0.50298,1,4.731*(x1*y3) + -1.89*(x1**(2)*exp(-(x1/y3)**2/2)) + -1.205*(x1**(2)*exp(-(y2/y3)**2/2)) + 1.07*(x2*x3) + -0.4667*(x1**(2)*1/(y1/y3)) + -0.3581*(y3**(2)) + -0.2959*(x1**(2)*exp(-(x1/x3)**2/2))
I.11.19,0.02,1,wrong,0.860647,0,0,0,0,0.44012,0.50255,1,4.73*(x1*y3) + -1.884*(x1**(2)*exp(-(x1/y3)**2/2)) + -1.21*(x1**(2)*exp(-(y2/y3)**2/2)) + 1.07*(x2*x3) + -0.4645*(x1**(2)*1/(y1/y3)) + -0.3604*(y3**(2)) + -0.2942*(x1**(2)*exp(-(x1/x3)**2/2))
I.12.1,0.0,1,exact,1.0,1,1,1,1,0.0,0.0,1,1*(Nn*mu)
I.12.1,0.01,1,up_to_constant,0.999922,1,1,1,1,0.0016,0.00336,1,0.9998*(Nn*mu) + -0.0004451*(Nn*mu**(2)*cos(mu))
I.12.1,0.02,1,up_to_constant,0.999688,1,1,1,1,0.00319,0.00673,1,0.9997*(Nn*mu) + -0.0008903*(Nn*mu**(2)*cos(mu))
I.12.2,0.0,0,no_candidates,nan,,,,,,,,(无合法候选，未拟合)
I.12.2,0.01,0,no_candidates,nan,,,,,,,,(无合法候选，未拟合)
I.12.2,0.02,0,no_candidates,nan,,,,,,,,(无合法候选，未拟合)
I.12.4,0.0,0,no_candidates,nan,,,,,,,,(无合法候选，未拟合)
I.12.4,0.01,0,no_candidates,nan,,,,,,,,(无合法候选，未拟合)
I.12.4,0.02,0,no_candidates,nan,,,,,,,,(无合法候选，未拟合)
I.12.5,0.0,1,exact,1.0,1,1,1,1,0.0,0.0,1,1*(Ef*q2)
I.12.5,0.01,1,up_to_constant,0.99992,1,1,1,1,0.00058,0.00051,1,1*(Ef*q2)
I.12.5,0.02,1,up_to_constant,0.999681,1,1,1,1,0.00116,0.00102,1,1.001*(Ef*q2)
I.12.11,0.0,1,approx,0.999999,1,1,1,1,0.00468,0.01072,1,1.033*(Ef*q*tanh(theta)) + 1.001*(B*q*v*sin(theta)) + 0.514*(Ef*q*1/theta*exp(-(theta)**2)) + 0.02838*(B*q*theta**(2)*v*exp(-(theta)**2)) + 0.02767*(Ef*q*cos(theta)) + 0.0237*(1/B*Ef**(2)*q*1/v*exp(-(theta)**2/2)) + 0.005561*(1/B*Ef**(2)*q*1/v*sin(theta)) + -0.002263*(B**(2)*1/Ef*q*v**(2)*exp(-(theta))) + -0.0001177*(B**(2)*1/Ef*q*v**(2)*cos(theta))
I.12.11,0.01,1,up_to_constant,0.999927,1,1,1,1,0.00219,0.00593,1,1*(B*q*v*sin(theta)) + 0.6457*(Ef*q) + 0.3472*(Ef*q*tanh(theta)) + 0.188*(Ef*q*1/theta*exp(-(theta)**2)) + 0.02642*(Ef*q*theta**(2)*exp(-(theta))) + 0.01071*(1/B*Ef**(2)*q*1/v*log(Abs(theta))) + 0.009156*(B*q*theta**(2)*v*exp(-(theta)**2)) + -0.006107*(1/B*Ef**(2)*q*1/v*1/(theta)) + 0.0008338*(Ef*q*theta**(2)*cos(theta))
I.12.11,0.02,1,approx,0.999705,1,1,1,1,0.0037,0.01308,1,1.327*(Ef*q*tanh(theta)) + 1.001*(B*q*v*sin(theta)) + 0.7477*(Ef*q*1/theta*exp(-(theta)**2)) + -0.3334*(Ef*q) + 0.08074*(Ef*q*theta**(2)*exp(-(theta)**2/2)) + 0.0003869*(B*q*v) + 0.0003369*(1/B*Ef**(2)*q*1/v*exp(theta))
I.13.4,0.0,1,up_to_constant,0.999152,1,1,0,0,0.04441,0.35585,1,1.974*(m*u*w*sqrt(Abs(v/u))) + -0.6874*(m*u**(2)*exp(-(u/w)**2)) + -0.2746*(m*u*v*cos(v/w)) + -0.266*(m*v**(2)*exp(-(v/w)**2)) + -0.1685*(m*u**(2)*log(Abs(v/u))) + 0.007485*(m*w**(2)*1/(v/w)**2) + 0.004468*(m*v**(2)*exp(v/w)) + 0.003841*(m*v**(2)*(v/u)**3) + 0.001376*(m*u**(2)*(u/w)**3)
I.13.4,0.01,1,up_to_constant,0.998784,1,0,0,0,0.0598,0.24531,1,1.971*(m*u*w*sqrt(Abs(v/u))) + -0.7276*(m*u**(2)*exp(-(u/w)**2)) + -0.354*(m*u*v*cos(v/w)) + -0.1871*(m*u**(2)*log(Abs(v/u))) + -0.05493*(m*w**(2)*exp(-(u/w)**2)) + -0.02796*(m*v**(2)*cos(v/u)) + 0.01008*(m*w**(2)*1/(v/w)**2) + 0.003812*(m*v**(2)*exp(v/w)) + 0.002644*(m*v**(2)*(v/u)**3)
I.13.4,0.02,1,up_to_constant,0.998545,1,0,0,0,0.05979,0.26109,1,1.964*(m*u*w*sqrt(Abs(v/u))) + -0.6775*(m*u**(2)*exp(-(u/w)**2)) + -0.3498*(m*u*v*cos(v/w)) + -0.1868*(m*u**(2)*log(Abs(v/u))) + -0.06748*(m*w**(2)*exp(-(u/w)**2)) + -0.04251*(m*v*w*cos(v/u)) + 0.0106*(m*w**(2)*1/(v/w)**2) + 0.003962*(m*v**(2)*exp(v/w)) + 0.002657*(m*v**(2)*(v/u)**3)
I.13.12,0.0,1,approx,0.999153,1,0,0,0,0.06119,0.76973,1,0.5318*(G*m1*m2*1/r1*log(Abs(r1/r2))) + -0.3941*(G*m1**(2)*1/r2*exp(-(r1/r2)**2)) + -0.131*(G*m2**(2)*1/r2*cos(r1/r2)) + 0.1034*(G*m1*m2*1/r2*sin(r1/r2)) + 0.04645*(G*m1*m2*1/r1*exp(r1/r2)) + 0.03051*(G*m2**(2)*1/r2*log(Abs(m1/m2))) + 0.008306*(G*m1**(2)*1/r2*log(Abs(m1/m2))) + 0.007594*(G*m1**(2)*1/r1*(m1/m2)**2)
I.13.12,0.01,1,approx,0.999097,1,0,0,0,0.06718,0.77993,1,0.5321*(G*m1*m2*1/r1*log(Abs(r1/r2))) + -0.385*(G*m1**(2)*1/r2*exp(-(r1/r2)**2)) + -0.1335*(G*m2**(2)*1/r2*cos(r1/r2)) + 0.1061*(G*m1*m2*1/r2*sin(r1/r2)) + 0.04705*(G*m1*m2*1/r1*exp(r1/r2)) + 0.01915*(G*m1**(2)*1/r2*log(Abs(m1/m2))) + 0.00655*(G*m1**(2)*1/r1*(m1/m2)**2) + -0.00484*(G*m2**(2)*1/r2*1/(m1/m2)**2)
I.13.12,0.02,1,approx,0.998826,1,0,0,0,0.07179,0.77735,1,0.532*(G*m1*m2*1/r1*log(Abs(r1/r2))) + -0.3576*(G*m1**(2)*1/r2*exp(-(r1/r2)**2)) + -0.1389*(G*m2**(2)*1/r2*cos(r1/r2)) + 0.108*(G*m1*m2*1/r2*sin(r1/r2)) + 0.04686*(G*m1*m2*1/r1*exp(r1/r2)) + 0.03052*(G*m1**(2)*1/r2*log(Abs(m1/m2))) + -0.005223*(G*m2**(2)*1/r2*1/(m1/m2)**2) + 0.00133*(G*m1**(2)*1/r1*(m1/m2)**3)
I.14.3,0.0,1,exact,1.0,1,1,1,1,0.0,0.0,1,1*(g*m*z)
I.14.3,0.01,1,up_to_constant,0.99992,1,1,1,1,0.00064,0.00057,1,1*(g*m*z)
I.14.3,0.02,1,up_to_constant,0.999681,1,1,1,1,0.00129,0.00114,1,1.001*(g*m*z)
I.14.4,0.0,1,exact,1.0,1,1,1,1,0.0,0.0,1,0.5*(k_spring*x**(2))
I.14.4,0.01,1,up_to_constant,0.99992,1,1,1,1,0.0006,0.00055,1,0.5002*(k_spring*x**(2))
I.14.4,0.02,1,up_to_constant,0.999681,1,1,1,1,0.0012,0.0011,1,0.5004*(k_spring*x**(2))
I.15.3x,0.0,1,wrong,0.917029,0,0,0,0,48.56959,32.86401,0,2.777e+06*(1/t*1/u*x**(2)*cos(u/c)) + -2.758e+06*(1/t*1/u*x**(2)*exp(-(u/c)**2/2)) + -1.256e+06*(1/t*1/u*x**(2)) + 4.235e+05*(1/t*1/u*x**(2)*exp(-(u/c)**2)) + 4.156e+05*(1/t*1/u*x**(2)*exp(-(u/c))) + 4.156e+05*(1/t*1/u*x**(2)*exp(u/c)) + -1.76e+04*(1/t*1/u*x**(2)*1/(1+(u/c)**2))
I.15.3x,0.01,1,wrong,0.917241,0,0,0,0,48.2741,32.6641,0,2.698e+06*(1/t*1/u*x**(2)*cos(u/c)) + -2.68e+06*(1/t*1/u*x**(2)*exp(-(u/c)**2/2)) + -1.22e+06*(1/t*1/u*x**(2)) + 4.117e+05*(1/t*1/u*x**(2)*exp(-(u/c)**2)) + 4.035e+05*(1/t*1/u*x**(2)*exp(-(u/c))) + 4.035e+05*(1/t*1/u*x**(2)*exp(u/c)) + -1.714e+04*(1/t*1/u*x**(2)*1/(1+(u/c)**2))
I.15.3x,0.02,1,wrong,0.917311,0,0,0,0,47.97861,32.46449,0,2.618e+06*(1/t*1/u*x**(2)*cos(u/c)) + -2.601e+06*(1/t*1/u*x**(2)*exp(-(u/c)**2/2)) + -1.183e+06*(1/t*1/u*x**(2)) + 3.998e+05*(1/t*1/u*x**(2)*exp(-(u/c)**2)) + 3.915e+05*(1/t*1/u*x**(2)*exp(-(u/c))) + 3.915e+05*(1/t*1/u*x**(2)*exp(u/c)) + -1.669e+04*(1/t*1/u*x**(2)*1/(1+(u/c)**2))
I.15.3t,0.0,1,up_to_constant,0.99989,1,1,1,1,0.03932,0.12453,1,-1.841*(1/c*1/t*1/u*x**(2)*exp(-(c/u)**2)) + 0.9919*(t) + -0.4594*(1/c*1/t*1/u*x**(2)*1/(c/u)) + 0.2284*(t**(2)*u*1/x*exp(-(c/u)**2)) + 0.03308*(c*t**(2)*1/x*1/(c/u)**2) + -0.02357*(1/c*1/t*1/u*x**(2)*sin(c/u)) + 0.01768*(1/c*x*cos(c/u)) + 0.01293*(1/c*t**(2)*u**(2)*1/x*sin(c/u))
I.15.3t,0.01,1,up_to_constant,0.999816,1,1,1,1,0.03221,0.13835,1,-1.74*(1/c*1/t*1/u*x**(2)*exp(-(c/u)**2)) + 0.9916*(t) + -0.4472*(1/c*1/t*1/u*x**(2)*1/(c/u)) + 0.07296*(c**(2)*t**(2)*1/u*1/x*exp(-(c/u)**2)) + 0.03287*(c*t**(2)*1/x*1/(c/u)**2) + -0.02686*(1/c*1/t*1/u*x**(2)*sin(c/u)) + 0.02348*(1/c*x*cos(c/u)) + 0.01198*(1/c*t**(2)*u**(2)*1/x*sin(c/u))
I.15.3t,0.02,1,up_to_constant,0.999573,1,1,1,1,0.02527,0.08124,1,-1.706*(1/c*1/t*1/u*x**(2)*1/(1+(c/u)**2)) + 1.282*(1/c*t*u*exp(-(c/u)**2)) + 0.992*(t) + 0.03247*(c*t**(2)*1/x*1/(c/u)**2) + 0.01602*(1/c*t**(2)*u**(2)*1/x*sin(c/u))
I.15.1,0.0,1,up_to_constant,1.0,1,1,1,1,0.02074,0.06078,1,28.1*(m_0*v*exp(-(v/c))) + -23.1*(m_0*v) + 23.04*(c*m_0*sqrt(Abs(v/c))) + 19.92*(m_0*v*log(Abs(v/c))) + -11.44*(m_0*v*1/(1+(v/c)**2)) + 5.969*(m_0*v*exp(-(v/c)**2)) + -2.179*(c*m_0*exp(v/c)) + 1.604*(1/c*m_0*v**(2)*(v/c)**3) + -0.005511*(c**(2)*m_0*1/v*log(Abs(v/c)))
I.15.1,0.01,1,up_to_constant,0.999921,1,1,1,1,0.03455,0.08755,1,0.9257*(1/c*m_0*v**(2)*(v/c)**3) + 0.685*(m_0*v) + 0.5514*(c*m_0*sqrt(Abs(v/c))) + 0.5244*(m_0*v*log(Abs(v/c))) + 0.001593*(c**(2)*m_0*1/v*log(Abs(v/c)))
I.15.1,0.02,1,up_to_constant,0.999628,1,0,0,0,0.05002,0.08947,1,1.734*(1/c*m_0*v**(2)*(v/c)**3) + 1.046*(m_0*v) + 0.001002*(c**(2)*m_0*1/v*log(Abs(v/c)))
I.16.6,0.0,1,approx,0.994369,1,0,0,0,0.09656,0.41854,0,0.8784*(sqrt(Abs(c))*sqrt(Abs(v))*tanh(c/v)) + 0.1338*(u*tanh(c/u)) + 0.105*(sqrt(Abs(c))*sqrt(Abs(v))*sin(c/u)) + 0.08768*(c*sin(c/v)) + -0.03207*(u*sin(c/v)) + 0.03157*(c*1/(v/u)**2) + 0.02537*(u*exp(v/u)) + -0.01363*(v*1/(c/u)**2)
I.16.6,0.01,1,approx,0.99436,1,0,0,0,0.09688,0.41968,0,0.8771*(sqrt(Abs(c))*sqrt(Abs(v))*tanh(c/v)) + 0.1342*(u*tanh(c/u)) + 0.1058*(sqrt(Abs(c))*sqrt(Abs(v))*sin(c/u)) + 0.08875*(c*sin(c/v)) + -0.03258*(u*sin(c/v)) + 0.03157*(c*1/(v/u)**2) + 0.02536*(u*exp(v/u)) + -0.01374*(v*1/(c/u)**2)
I.16.6,0.02,1,approx,0.994296,1,0,0,0,0.10007,0.43684,0,0.8669*(sqrt(Abs(c))*sqrt(Abs(v))*tanh(c/v)) + 0.1364*(sqrt(Abs(c))*sqrt(Abs(v))*sin(c/v)) + 0.1206*(u*tanh(c/u)) + 0.09705*(sqrt(Abs(c))*sqrt(Abs(v))*sin(c/u)) + -0.03752*(u*sin(c/v)) + 0.03436*(c*1/(v/u)**2) + 0.02242*(u*exp(v/u)) + -0.01428*(v*1/(c/u)**2)
I.18.4,0.0,1,up_to_constant,0.995667,1,0,0,0,0.07289,0.33561,1,1.046*(sqrt(Abs(r1))*sqrt(Abs(r2))) + -0.08322*(m1*1/m2*r1*cos(r1/r2)) + -0.07116*(1/m1*m2*r2*log(Abs(r1/r2))) + 0.0403*(r1**(2)*1/r2*log(Abs(m1/m2))) + 0.0008356*(1/m1*m2*r1*(r1/r2)**3)
I.18.4,0.01,1,up_to_constant,0.999257,1,0,0,0,0.05447,0.36484,1,1.029*(sqrt(Abs(r1))*sqrt(Abs(r2))) + -0.06768*(m1*1/m2*r1*cos(r1/r2)) + -0.04941*(1/m1*m2*r2*log(Abs(r1/r2))) + 0.04127*(r1**(2)*1/r2*log(Abs(m1/m2))) + 0.02881*(1/r1*r2**(2)*cos(m1/m2)) + -0.01416*(m1*1/m2*r1*cos(m1/m2)) + 0.01158*(m1*1/m2*r1*sin(m1/m2)) + -0.01121*(1/r1*r2**(2)*sin(m1/m2)) + 0.0008954*(1/m1*m2*r1*(r1/r2)**3) + 0.0007959*(1/r1*r2**(2)*1/(r1/r2)**2)
I.18.4,0.02,1,up_to_constant,0.999033,1,0,0,0,0.05472,0.35816,1,1.029*(sqrt(Abs(r1))*sqrt(Abs(r2))) + -0.06798*(m1*1/m2*r1*cos(r1/r2)) + -0.04918*(1/m1*m2*r2*log(Abs(r1/r2))) + 0.04176*(r1**(2)*1/r2*log(Abs(m1/m2))) + 0.02894*(1/r1*r2**(2)*cos(m1/m2)) + -0.01398*(m1*1/m2*r1*cos(m1/m2)) + 0.01143*(m1*1/m2*r1*sin(m1/m2)) + -0.01139*(1/r1*r2**(2)*sin(m1/m2)) + 0.0008869*(1/m1*m2*r1*(r1/r2)**3) + 0.0008103*(1/r1*r2**(2)*1/(r1/r2)**2)
I.18.12,0.0,1,exact,1.0,1,1,1,1,0.0,0.0,1,1*(F*r*sin(theta))
I.18.12,0.01,1,up_to_constant,0.99992,1,1,1,1,0.00057,0.00056,1,0.9994*(F*r*sin(theta))
I.18.12,0.02,1,up_to_constant,0.999679,1,1,1,1,0.00113,0.00113,1,0.9989*(F*r*sin(theta))
I.18.14,0.0,1,exact,1.0,1,1,1,1,0.0,0.0,1,1*(m*r*v*sin(theta))
I.18.14,0.01,1,up_to_constant,0.999923,1,1,1,1,0.00135,0.0108,1,-1.32*(m*r*v*tanh(theta)) + 1.021*(m*r*v*sin(theta)) + 0.8127*(m*r*v) + 0.5519*(m*r*theta**(2)*v*1/(1+(theta)**2)) + -0.2719*(m*r*1/theta*v*exp(-(theta)**2)) + -0.0002703*(m*r*theta**(2)*v*cos(theta))
I.18.14,0.02,1,up_to_constant,0.999694,1,1,1,1,0.0027,0.02159,1,-2.641*(m*r*v*tanh(theta)) + 1.625*(m*r*v) + 1.104*(m*r*theta**(2)*v*1/(1+(theta)**2)) + 1.042*(m*r*v*sin(theta)) + -0.5439*(m*r*1/theta*v*exp(-(theta)**2)) + -0.0005407*(m*r*theta**(2)*v*cos(theta))
I.24.6,0.0,1,up_to_constant,1.0,1,1,1,1,0.00035,0.00473,1,-0.5033*(m*omega_0**(2)*x**(2)*tanh(omega/omega_0)) + 0.1952*(m*omega*omega_0*x**(2)) + 0.1833*(m*omega_0**(2)*x**(2)*exp(omega/omega_0)) + 0.1265*(m*omega*omega_0*x**(2)*exp(-(omega/omega_0)**2)) + 0.1119*(m*omega**(2)*x**(2)*exp(-(omega/omega_0)**2/2)) + 0.08819*(m*omega_0**(2)*x**(2)*sqrt(Abs(omega/omega_0))) + -0.01898*(m*omega**(2)*x**(2)*exp(-(omega/omega_0)**2)) + -0.01869*(m*omega_0**(2)*x**(2)*log(Abs(omega/omega_0))) + -0.005792*(m*omega**(2)*x**(2)*(omega/omega_0)**3)
I.24.6,0.01,1,up_to_constant,0.999919,1,1,1,1,0.00131,0.01729,1,0.1974*(m*omega_0**(2)*x**(2)*exp(omega/omega_0)) + -0.0418*(m*omega*omega_0*x**(2)*exp(-(omega/omega_0)**2)) + -0.02884*(m*omega**(2)*x**(2)*exp(-(omega/omega_0)**2/2)) + -0.005996*(m*omega**(2)*x**(2)*(omega/omega_0)**3) + 0.002342*(m*omega_0**(2)*x**(2)*1/(omega/omega_0)**2)
I.24.6,0.02,1,up_to_constant,0.999679,1,1,1,1,0.00202,0.02034,1,0.1967*(m*omega_0**(2)*x**(2)*exp(omega/omega_0)) + -0.04445*(m*omega*omega_0*x**(2)*exp(-(omega/omega_0)**2)) + -0.02445*(m*omega**(2)*x**(2)*exp(-(omega/omega_0)**2/2)) + -0.005927*(m*omega**(2)*x**(2)*(omega/omega_0)**3) + 0.002603*(m*omega_0**(2)*x**(2)*1/(omega/omega_0)**2)
I.25.13,0.0,1,exact,1.0,1,1,1,1,0.0,0.0,1,1*(1/C*q)
I.25.13,0.01,1,up_to_constant,0.99992,1,1,1,1,8e-05,7e-05,1,1*(1/C*q)
I.25.13,0.02,1,up_to_constant,0.999678,1,1,1,1,0.00016,0.00013,1,1*(1/C*q)
I.26.2,0.0,1,wrong,0.939442,0,0,0,0,0.28298,0.31192,1,0.9841*(sqrt(Abs(n))*sin(theta2)) + -0.03245
I.26.2,0.01,1,wrong,0.939326,0,0,0,0,0.28255,0.31188,1,0.9832*(sqrt(Abs(n))*sin(theta2)) + -0.03239
I.26.2,0.02,1,wrong,0.939059,0,0,0,0,0.28213,0.31185,1,0.9824*(sqrt(Abs(n))*sin(theta2)) + -0.03234
I.27.6,0.0,1,up_to_constant,0.999369,1,1,1,1,0.02725,0.08032,1,0.4048*(d2*Abs(n)**(-1/2)*sqrt(Abs(d1/d2))) + 0.1014*(d1*1/n*exp(-(d1/d2)**2)) + -0.09858*(d2*Abs(n)**(-1/2)*exp(-(n)**2)) + 0.06709*(d1*1/n*cos(n)) + 0.04602*(d1*1/n*cos(d1/d2)) + 0.04443*(d1*Abs(n)**(-1/2)*sin(n)) + -0.009764*(d2*sqrt(Abs(n))*log(Abs(d1/d2))) + -0.009435*(d2*sqrt(Abs(n))*cos(n)) + -0.001855*(d2*Abs(n)**(-1/2)*1/(d1/d2)**2) + -0.0003138*(d1*sqrt(Abs(n))*(d1/d2)**2)
I.27.6,0.01,1,up_to_constant,0.99925,1,1,1,1,0.02728,0.08214,1,0.4051*(d2*Abs(n)**(-1/2)*sqrt(Abs(d1/d2))) + -0.1004*(d2*Abs(n)**(-1/2)*exp(-(n)**2)) + 0.09899*(d1*1/n*exp(-(d1/d2)**2)) + 0.06775*(d1*1/n*cos(n)) + 0.0478*(d1*1/n*cos(d1/d2)) + 0.04452*(d1*Abs(n)**(-1/2)*sin(n)) + -0.009694*(d2*sqrt(Abs(n))*log(Abs(d1/d2))) + -0.009487*(d2*sqrt(Abs(n))*cos(n)) + -0.001887*(d2*Abs(n)**(-1/2)*1/(d1/d2)**2) + -0.0002915*(d1*sqrt(Abs(n))*(d1/d2)**2)
I.27.6,0.02,1,up_to_constant,0.99898,1,1,1,1,0.02745,0.08402,1,0.4054*(d2*Abs(n)**(-1/2)*sqrt(Abs(d1/d2))) + -0.1022*(d2*Abs(n)**(-1/2)*exp(-(n)**2)) + 0.09662*(d1*1/n*exp(-(d1/d2)**2)) + 0.06841*(d1*1/n*cos(n)) + 0.04958*(d1*1/n*cos(d1/d2)) + 0.04462*(d1*Abs(n)**(-1/2)*sin(n)) + -0.009624*(d2*sqrt(Abs(n))*log(Abs(d1/d2))) + -0.00954*(d2*sqrt(Abs(n))*cos(n)) + -0.001918*(d2*Abs(n)**(-1/2)*1/(d1/d2)**2) + -0.0002693*(d1*sqrt(Abs(n))*(d1/d2)**2)
I.29.4,0.0,1,exact,1.0,1,1,1,1,0.0,0.0,1,1*(1/c*omega)
I.29.4,0.01,1,up_to_constant,0.99992,1,1,1,1,5e-05,4e-05,1,1*(1/c*omega)
I.29.4,0.02,1,up_to_constant,0.999678,1,1,1,1,0.0001,8e-05,1,1*(1/c*omega)
I.29.16,0.0,1,wrong,0.803317,0,0,0,0,0.54669,0.97874,0,1.573*(sqrt(Abs(x1))*sqrt(Abs(x2))) + -1.452*(1/theta1*1/theta2*x1) + -0.781*(sqrt(Abs(x1))*sqrt(Abs(x2))*cos(theta1/theta2)) + -0.3293*(sqrt(Abs(x1))*sqrt(Abs(x2))*sin(theta1/theta2)) + 0.1485*(x2*1/(theta1/theta2)**2) + 0.02858*(Abs(theta1)**(-1/2)*x1*(x1/x2)**3)
I.29.16,0.01,1,wrong,0.803974,0,0,0,0,0.54654,0.97852,0,1.573*(sqrt(Abs(x1))*sqrt(Abs(x2))) + -1.446*(1/theta1*1/theta2*x1) + -0.7822*(sqrt(Abs(x1))*sqrt(Abs(x2))*cos(theta1/theta2)) + -0.3296*(sqrt(Abs(x1))*sqrt(Abs(x2))*sin(theta1/theta2)) + 0.1485*(x2*1/(theta1/theta2)**2) + 0.02854*(Abs(theta1)**(-1/2)*x1*(x1/x2)**3)
I.29.16,0.02,1,wrong,0.804505,0,0,0,0,0.54639,0.9783,0,1.573*(sqrt(Abs(x1))*sqrt(Abs(x2))) + -1.44*(1/theta1*1/theta2*x1) + -0.7834*(sqrt(Abs(x1))*sqrt(Abs(x2))*cos(theta1/theta2)) + -0.33*(sqrt(Abs(x1))*sqrt(Abs(x2))*sin(theta1/theta2)) + 0.1485*(x2*1/(theta1/theta2)**2) + 0.0285*(Abs(theta1)**(-1/2)*x1*(x1/x2)**3)
I.30.3,0.0,1,wrong,0.553801,0,0,0,0,0.74949,1.00746,0,18.54*(Int_0*Abs(n)**(-1/2)*exp(-(theta)**2)) + 0.7358*(Int_0*Abs(n)**(-1/2)*sin(theta)) + -0.6735*(Int_0*Abs(theta)**(-1/2)*cos(theta)) + 0.08966*(Int_0*sqrt(Abs(theta))*cos(n)) + -0.04449*(Int_0*sqrt(Abs(n))*1/(theta/n)**2) + 0.006956*(Int_0*sqrt(Abs(n))*exp(theta))
I.30.3,0.01,1,wrong,0.557388,0,0,0,0,0.74786,1.00746,0,17.43*(Int_0*Abs(n)**(-1/2)*exp(-(theta)**2)) + 0.8012*(Int_0*Abs(n)**(-1/2)*sin(theta)) + -0.5768*(Int_0*Abs(n)**(-1/2)*cos(theta)) + 0.06893*(Int_0*sqrt(Abs(theta))*cos(n)) + -0.04338*(Int_0*sqrt(Abs(n))*1/(theta/n)**2) + 0.007052*(Int_0*sqrt(Abs(n))*exp(theta))
I.30.3,0.02,1,wrong,0.558497,0,0,0,0,0.7477,1.00746,0,17.44*(Int_0*Abs(n)**(-1/2)*exp(-(theta)**2)) + 0.799*(Int_0*Abs(n)**(-1/2)*sin(theta)) + -0.5791*(Int_0*Abs(n)**(-1/2)*cos(theta)) + 0.06902*(Int_0*sqrt(Abs(theta))*cos(n)) + -0.04337*(Int_0*sqrt(Abs(n))*1/(theta/n)**2) + 0.007048*(Int_0*sqrt(Abs(n))*exp(theta))
I.30.5,0.0,1,up_to_constant,0.999998,1,1,1,1,0.00234,0.02643,1,0.9955*(1/n*lambd/d) + 0.245*(1/n**(2)*(lambd/d)**3) + -0.0747*(Abs(n)**(-1/2)*(lambd/d)**3) + 0.01181*(sqrt(Abs(n))*(lambd/d)**3) + -0.002757*(Abs(d)**(-1/2)*sqrt(Abs(lambd))*exp(-(lambd/d)**2)) + -0.002681*(Abs(d)**(-1/2)*sqrt(Abs(lambd))*cos(n)) + 0.0007849*(sqrt(Abs(d))*Abs(lambd)**(-1/2)*cos(n)) + 0.0005714*(1/n**(2)*cos(n)) + 0.001804
I.30.5,0.01,1,up_to_constant,0.999914,1,1,1,1,0.00518,0.03007,1,0.9922*(1/n*lambd/d) + 0.2233*(1/n**(2)*(lambd/d)**3) + -0.0579*(Abs(n)**(-1/2)*(lambd/d)**3) + 0.009471*(sqrt(Abs(n))*(lambd/d)**3) + -0.002769*(sqrt(Abs(d))*Abs(lambd)**(-1/2)*exp(lambd/d)) + 0.0009963*(1/n*cos(n)) + 0.008046
I.30.5,0.02,1,up_to_constant,0.999232,1,1,1,1,0.01906,0.07383,1,1.037*(1/n*lambd/d) + -0.004363
I.32.5,0.0,0,no_candidates,nan,,,,,,,,(无合法候选，未拟合)
I.32.5,0.01,0,no_candidates,nan,,,,,,,,(无合法候选，未拟合)
I.32.5,0.02,0,no_candidates,nan,,,,,,,,(无合法候选，未拟合)
I.32.17,0.0,0,no_candidates,nan,,,,,,,,(无合法候选，未拟合)
I.32.17,0.01,0,no_candidates,nan,,,,,,,,(无合法候选，未拟合)
I.32.17,0.02,0,no_candidates,nan,,,,,,,,(无合法候选，未拟合)
I.34.8,0.0,1,exact,1.0,1,1,1,1,0.0,0.0,1,1*(B*1/p*q*v)
I.34.8,0.01,1,up_to_constant,0.999921,1,1,1,1,0.00115,0.00102,1,1.001*(B*1/p*q*v)
I.34.8,0.02,1,up_to_constant,0.999685,1,1,1,1,0.00231,0.00204,1,1.002*(B*1/p*q*v)
I.34.1,0.0,1,up_to_constant,1.0,1,0,0,0,0.0956,1.10807,1,12.42*(1/c*omega_0*v*exp(-(c/v)**2)) + 4.282*(omega_0*tanh(c/v)) + -4.073*(omega_0) + 2.207*(1/c*omega_0*v*sqrt(Abs(c/v))) + 1.001*(c*omega_0*1/v*exp(-(c/v)**2/2)) + 0.001776*(c*omega_0*1/v*cos(c/v)) + -0.001263*(c*omega_0*1/v*sin(c/v))
I.34.1,0.01,1,wrong,0.999935,1,0,0,0,0.6962,1.1702,0,50.13*(omega_0*tanh(c/v)) + -41.47*(1/c*omega_0*v*log(Abs(c/v))) + -12.53*(1/c*omega_0*v*sqrt(Abs(c/v))) + -11.73*(omega_0) + -8.265*(omega_0*sqrt(Abs(c/v))) + 7.276*(1/c*omega_0*v*exp(-(c/v)**2)) + 0.8473*(c*omega_0*1/v*exp(-(c/v)**2/2)) + 0.005104*(c*omega_0*1/v*sin(c/v))
I.34.1,0.02,1,wrong,0.999738,1,0,0,0,1.19251,1.23177,0,86.25*(omega_0*tanh(c/v)) + -69.95*(1/c*omega_0*v*log(Abs(c/v))) + -23.37*(1/c*omega_0*v*sqrt(Abs(c/v))) + -20.75*(omega_0) + -14.22*(omega_0*sqrt(Abs(c/v))) + 7.101*(1/c*omega_0*v*exp(-(c/v)**2)) + 1.254*(c*omega_0*1/v*exp(-(c/v)**2/2)) + 0.008673*(c*omega_0*1/v*sin(c/v))
I.34.14,0.0,1,up_to_constant,1.0,1,1,1,1,0.00362,0.10294,1,3.957*(1/c*omega_0*v*exp(-(c/v)**2)) + 1.819*(1/c*omega_0*v*sqrt(Abs(c/v))) + 0.9977*(omega_0*tanh(c/v)) + -0.6557*(1/c*omega_0*v*log(Abs(c/v))) + -0.4086*(omega_0) + 0.2925*(c*omega_0*1/v*exp(-(c/v)**2/2)) + 0.00125*(omega_0*(c/v)**2)
I.34.14,0.01,1,up_to_constant,0.999934,1,1,1,1,0.04312,0.05576,1,9.497*(1/c*omega_0*v*exp(-(c/v)**2)) + -2.424*(c*omega_0*1/v*exp(-(c/v)**2)) + 1.452*(1/c*omega_0*v*sqrt(Abs(c/v))) + 0.5999*(c*omega_0*1/v*exp(-(c/v)**2/2)) + 0.5552*(omega_0*tanh(c/v)) + 0.001041*(c*omega_0*1/v*cos(c/v))
I.34.14,0.02,1,up_to_constant,0.999735,1,1,1,1,0.01895,0.09208,1,28.54*(omega_0*tanh(c/v)) + -28.46*(omega_0) + 22.54*(1/c*omega_0*v*exp(-(c/v)**2)) + 2.921*(c*omega_0*1/v*exp(-(c/v)**2/2)) + 2.346*(1/c*omega_0*v*sqrt(Abs(c/v))) + 0.003662*(omega_0*(c/v)**2)
I.34.27,0.0,1,exact,1.0,1,1,1,1,0.0,0.0,1,0.1592*(h*omega)
I.34.27,0.01,1,up_to_constant,0.99992,1,1,1,1,0.00058,0.00051,1,0.1592*(h*omega)
I.34.27,0.02,1,up_to_constant,0.999681,1,1,1,1,0.00116,0.00102,1,0.1592*(h*omega)
I.37.4,0.0,1,approx,0.97716,0,0,0,0,0.15898,2.12624,1,7.259*(I1*cos(delta)) + -5.529*(I1*1/delta*cos(delta)) + 5.501*(I2*cos(delta)) + -2.884*(I2*sqrt(Abs(delta))*cos(delta)) + -2.569*(I1*sqrt(Abs(delta))*cos(delta)) + 2.379*(I2*Abs(delta)**(-1/2)*sin(delta)) + 1.501*(I1*1/delta*log(Abs(I1/I2))) + -0.9113*(sqrt(Abs(I1))*sqrt(Abs(I2))*cos(delta)) + 0.01221*(I2*sqrt(Abs(delta))*exp(delta))
I.37.4,0.01,1,approx,0.976891,0,0,0,0,0.15888,2.12619,1,7.319*(I1*cos(delta)) + -5.559*(I1*1/delta*cos(delta)) + 5.52*(I2*cos(delta)) + -2.883*(I2*sqrt(Abs(delta))*cos(delta)) + -2.587*(I1*sqrt(Abs(delta))*cos(delta)) + 2.38*(I2*Abs(delta)**(-1/2)*sin(delta)) + 1.5*(I1*1/delta*log(Abs(I1/I2))) + -0.9503*(sqrt(Abs(I1))*sqrt(Abs(I2))*cos(delta)) + 0.01221*(I2*sqrt(Abs(delta))*exp(delta))
I.37.4,0.02,1,approx,0.97647,0,0,0,0,0.15881,2.12614,1,7.378*(I1*cos(delta)) + -5.588*(I1*1/delta*cos(delta)) + 5.54*(I2*cos(delta)) + -2.882*(I2*sqrt(Abs(delta))*cos(delta)) + -2.606*(I1*sqrt(Abs(delta))*cos(delta)) + 2.381*(I2*Abs(delta)**(-1/2)*sin(delta)) + 1.499*(I1*1/delta*log(Abs(I1/I2))) + -0.9893*(sqrt(Abs(I1))*sqrt(Abs(I2))*cos(delta)) + 0.01221*(I2*sqrt(Abs(delta))*exp(delta))
I.38.12,0.0,0,no_candidates,nan,,,,,,,,(无合法候选，未拟合)
I.38.12,0.01,0,no_candidates,nan,,,,,,,,(无合法候选，未拟合)
I.38.12,0.02,0,no_candidates,nan,,,,,,,,(无合法候选，未拟合)
I.39.1,0.0,1,exact,1.0,1,1,1,1,0.0,0.0,1,1.5*(V*pr)
I.39.1,0.01,1,up_to_constant,0.99992,1,1,1,1,0.00058,0.00051,1,1.5*(V*pr)
I.39.1,0.02,1,up_to_constant,0.999681,1,1,1,1,0.00116,0.00102,1,1.501*(V*pr)
I.39.11,0.0,1,wrong,1.0,1,0,0,0,0.16883,0.50758,0,-26.61*(V*pr*1/(1+(gamma)**2)) + 26.44*(V*1/gamma*pr*sqrt(Abs(gamma))) + -13.66*(V*1/gamma*pr*log(Abs(gamma))) + -7.13*(V*pr) + 2.232*(V*1/gamma*pr*exp(-(gamma)**2)) + -1.012*(V*1/gamma*pr*cos(gamma)) + -0.7715*(V*pr*sin(gamma)) + 0.02261*(V*gamma**(2)*pr*cos(gamma))
I.39.11,0.01,1,up_to_constant,0.999923,1,1,1,1,0.03509,0.10968,1,5.41*(V*1/gamma*pr*exp(-(gamma)**2)) + 4.885*(V*pr*1/(1+(gamma)**2)) + -0.03991*(V*pr*sin(gamma)) + -0.01529*(V*pr*cos(gamma))
I.39.11,0.02,1,wrong,0.999697,1,0,0,0,0.14542,0.30656,0,30.95*(V*pr*1/(1+(gamma)**2)) + 20.1*(V*1/gamma*pr*log(Abs(gamma))) + -17.2*(V*1/gamma*pr*sqrt(Abs(gamma))) + 17.06*(V*1/gamma*pr*exp(-(gamma)**2)) + -0.1662*(V*pr*sin(gamma)) + 0.01142*(V*pr*cos(gamma))
I.39.22,0.0,1,exact,1.0,1,1,1,1,0.0,0.0,1,1*(T*1/V*kb*n)
I.39.22,0.01,1,up_to_constant,0.999922,1,1,1,1,0.00149,0.00369,1,1*(T*1/V*kb*n) + -0.0209*(T*1/V*kb*n**(2)*exp(-(n))) + 0.01754*(T*1/V*kb*n*exp(-(n))) + -0.000776*(T*1/V*kb*n**(2)*cos(n))
I.39.22,0.02,1,up_to_constant,0.999686,1,1,1,1,0.00298,0.00739,1,1*(T*1/V*kb*n) + -0.04181*(T*1/V*kb*n**(2)*exp(-(n))) + 0.03509*(T*1/V*kb*n*exp(-(n))) + -0.001552*(T*1/V*kb*n**(2)*cos(n))
I.40.1,0.0,1,wrong,0.045278,0,0,0,0,0.96686,0.96823,1,0.1151*(n_0)
I.40.1,0.01,1,wrong,0.045681,0,0,0,0,0.96681,0.96818,1,0.1151*(n_0)
I.40.1,0.02,1,wrong,0.046079,0,0,0,0,0.96677,0.96814,1,0.1152*(n_0)
I.41.16,0.0,0,no_candidates,nan,,,,,,,,(无合法候选，未拟合)
I.41.16,0.01,0,no_candidates,nan,,,,,,,,(无合法候选，未拟合)
I.41.16,0.02,0,no_candidates,nan,,,,,,,,(无合法候选，未拟合)
I.43.16,0.0,1,exact,1.0,1,1,1,1,0.0,0.0,1,1*(Volt*1/d*mu_drift*q)
I.43.16,0.01,1,up_to_constant,0.999921,1,1,1,1,0.00115,0.00102,1,1.001*(Volt*1/d*mu_drift*q)
I.43.16,0.02,1,up_to_constant,0.999685,1,1,1,1,0.00231,0.00204,1,1.002*(Volt*1/d*mu_drift*q)
I.43.31,0.0,1,exact,1.0,1,1,1,1,0.0,0.0,1,1*(T*kb*mob)
I.43.31,0.01,1,up_to_constant,0.99992,1,1,1,1,0.00064,0.00057,1,1*(T*kb*mob)
I.43.31,0.02,1,up_to_constant,0.999681,1,1,1,1,0.00129,0.00114,1,1.001*(T*kb*mob)
I.43.43,0.0,1,up_to_constant,1.0,1,1,1,1,0.03586,0.08979,1,-59.17*(1/A*kb*v*1/(1+(gamma)**2)) + -42.88*(1/A*1/gamma*kb*v*log(Abs(gamma))) + 28.57*(1/A*1/gamma*kb*v*sqrt(Abs(gamma))) + 18.69*(1/A*gamma*kb*v*1/(1+(gamma)**2)) + -3.559*(1/A*1/gamma*kb*v*exp(-(gamma)**2)) + 0.05029*(1/A*gamma**(2)*kb*v*exp(-(gamma)**2/2)) + 0.0235*(1/A*kb*v*sin(gamma))
I.43.43,0.01,1,up_to_constant,0.99992,1,1,1,1,0.00167,0.04385,1,5.821*(1/A*1/gamma*kb*v*exp(-(gamma)**2)) + 5.226*(1/A*kb*v*1/(1+(gamma)**2)) + -0.1054*(1/A*gamma**(2)*kb*v*exp(-(gamma)**2/2)) + -0.04438*(1/A*kb*v*sin(gamma)) + 0.0006603*(1/A*gamma**(2)*kb*v*cos(gamma))
I.43.43,0.02,1,up_to_constant,0.999686,1,1,1,1,0.00906,0.04396,1,7.074*(1/A*1/gamma*kb*v*exp(-(gamma)**2)) + 4.087*(1/A*kb*v*1/(1+(gamma)**2)) + 0.2924*(1/A*1/gamma*kb*v) + -0.03105*(1/A*kb*v*sin(gamma))
I.44.4,0.0,1,exact,1.0,1,1,1,1,0.0,0.0,1,-1*(T*kb*n*log(Abs(V1/V2)))
I.44.4,0.01,1,up_to_constant,0.999923,1,1,1,1,0.00174,0.00174,1,-1.002*(T*kb*n*log(Abs(V1/V2)))
I.44.4,0.02,1,up_to_constant,0.999693,1,1,1,1,0.00348,0.00348,1,-1.003*(T*kb*n*log(Abs(V1/V2)))
I.47.23,0.0,1,exact,1.0,1,1,1,1,0.0,0.0,1,1*(sqrt(Abs(pr))*Abs(rho)**(-1/2)*sqrt(Abs(gamma)))
I.47.23,0.01,1,up_to_constant,0.999923,1,1,1,1,0.00207,0.00333,1,0.9988*(sqrt(Abs(pr))*Abs(rho)**(-1/2)*sqrt(Abs(gamma))) + 0.007436*(sqrt(Abs(pr))*Abs(rho)**(-1/2)*exp(-(gamma)**2/2)) + -0.003522*(sqrt(Abs(pr))*Abs(rho)**(-1/2)*cos(gamma)) + -0.00229*(sqrt(Abs(pr))*Abs(rho)**(-1/2)*sin(gamma))
I.47.23,0.02,1,up_to_constant,0.999693,1,1,1,1,0.00414,0.00666,1,0.9975*(sqrt(Abs(pr))*Abs(rho)**(-1/2)*sqrt(Abs(gamma))) + 0.01487*(sqrt(Abs(pr))*Abs(rho)**(-1/2)*exp(-(gamma)**2/2)) + -0.007045*(sqrt(Abs(pr))*Abs(rho)**(-1/2)*cos(gamma)) + -0.00458*(sqrt(Abs(pr))*Abs(rho)**(-1/2)*sin(gamma))
I.48.2,0.0,1,up_to_constant,1.0,1,1,1,1,0.00115,0.00245,1,170.1*(c*m*v) + -167.7*(c**(2)*m*sin(v/c)) + -35.31*(c*m*v*sqrt(Abs(v/c))) + -26.42*(m*v**(2)*log(Abs(v/c))) + 11.14*(m*v**(2)*exp(-(v/c)**2)) + 1.608*(c*m*v*exp(v/c)) + 0.9567*(c**(2)*m) + -0.5713*(m*v**(2)*(v/c)**2)
I.48.2,0.01,1,up_to_constant,0.999921,1,0,0,0,32.66106,28.11337,0,-1.799e+06*(c*m*v) + 1.578e+06*(c**(2)*m*sin(v/c)) + 2.203e+05*(c*m*v*exp(v/c)) + -1.733e+05*(m*v**(2)*exp(-(v/c))) + -5.838e+04*(m*v**(2)*exp(-(v/c)**2)) + -4.784e+04*(m*v**(2)*(v/c)**2) + 6203*(c*m*v*sqrt(Abs(v/c)))
I.48.2,0.02,1,up_to_constant,0.999648,1,1,1,1,0.0044,0.00631,1,1.316*(c**(2)*m*(v/c)**3) + 1.01*(c**(2)*m)
I.50.26,0.0,1,wrong,0.24782,0,0,0,0,0.77371,0.97301,1,0.1379*(omega*t*x1*sqrt(Abs(alpha)))
I.50.26,0.01,1,wrong,0.247836,0,0,0,0,0.77368,0.97311,1,0.1379*(omega*t*x1*sqrt(Abs(alpha)))
I.50.26,0.02,1,wrong,0.247813,0,0,0,0,0.77365,0.97322,1,0.138*(omega*t*x1*sqrt(Abs(alpha)))
II.2.42,0.0,1,up_to_constant,0.99994,1,1,1,1,0.01349,0.11106,1,-0.5806*(A*T2*1/d*kappa*log(Abs(T1/T2))) + 0.4222*(A*T1*1/d*kappa*exp(-(T1/T2)**2)) + -0.1141*(A*T1*1/d*kappa*sin(T1/T2)) + -0.0493*(A*T1*1/d*kappa*(T1/T2)**2) + -0.02826*(T1**(2)*1/T2*d*kappa*exp(-(T1/T2)**2)) + -0.009035*(A*T2*1/d*kappa*1/(T1/T2)**2) + 0.007172*(T1**(2)*1/T2*d*kappa*cos(T1/T2)) + -0.003681*(T1**(2)*1/T2*d*kappa*sin(T1/T2)) + 0.00349*(T2*d*kappa*exp(T1/T2)) + -7.651e-05*(1/T1*T2**(2)*d*kappa*1/(T1/T2)**2)
II.2.42,0.01,1,up_to_constant,0.999824,1,1,1,1,0.01674,0.11737,1,-0.5073*(A*T2*1/d*kappa*log(Abs(T1/T2))) + 0.4644*(A*T1*1/d*kappa*exp(-(T1/T2)**2)) + -0.1391*(A*T1*1/d*kappa*sin(T1/T2)) + -0.05195*(A*T1*1/d*kappa*(T1/T2)**2) + -0.03862*(T1**(2)*1/T2*d*kappa*exp(-(T1/T2)**2)) + 0.007911*(T1**(2)*1/T2*d*kappa*cos(T1/T2)) + 0.005434*(T2*d*kappa*exp(-(T1/T2)**2)) + 0.003804*(T2*d*kappa*exp(T1/T2)) + -0.002683*(T1**(2)*1/T2*d*kappa*sin(T1/T2)) + -0.0003517*(1/T1*T2**(2)*d*kappa*1/(T1/T2)**2)
II.2.42,0.02,1,up_to_constant,0.999591,1,1,1,1,0.01857,0.09177,1,-0.5079*(A*T2*1/d*kappa*log(Abs(T1/T2))) + 0.4642*(A*T1*1/d*kappa*exp(-(T1/T2)**2)) + -0.1394*(A*T1*1/d*kappa*sin(T1/T2)) + -0.05228*(A*T1*1/d*kappa*(T1/T2)**2) + -0.0414*(T1**(2)*1/T2*d*kappa*exp(-(T1/T2)**2)) + 0.01904*(T1*d*kappa*cos(T1/T2)) + 0.003847*(T1**(2)*1/T2*d*kappa*sin(T1/T2)) + 0.003631*(T2*d*kappa*exp(-(T1/T2)**2)) + 0.000312*(T1**(2)*1/T2*d*kappa*exp(T1/T2)) + -0.0003065*(1/T1*T2**(2)*d*kappa*1/(T1/T2)**2)
II.3.24,0.0,0,no_candidates,nan,,,,,,,,(无合法候选，未拟合)
II.3.24,0.01,0,no_candidates,nan,,,,,,,,(无合法候选，未拟合)
II.3.24,0.02,0,no_candidates,nan,,,,,,,,(无合法候选，未拟合)
II.4.23,0.0,1,exact,1.0,1,1,1,1,0.0,0.0,1,0.07958*(1/epsilon*q*1/r)
II.4.23,0.01,1,up_to_constant,0.99992,1,1,1,1,3e-05,2e-05,1,0.07958*(1/epsilon*q*1/r)
II.4.23,0.02,1,up_to_constant,0.999678,1,1,1,1,6e-05,5e-05,1,0.07958*(1/epsilon*q*1/r)
II.6.11,0.0,0,no_candidates,nan,,,,,,,,(无合法候选，未拟合)
II.6.11,0.01,0,no_candidates,nan,,,,,,,,(无合法候选，未拟合)
II.6.11,0.02,0,no_candidates,nan,,,,,,,,(无合法候选，未拟合)
II.6.15a,0.0,0,no_candidates,nan,,,,,,,,(无合法候选，未拟合)
II.6.15a,0.01,0,no_candidates,nan,,,,,,,,(无合法候选，未拟合)
II.6.15a,0.02,0,no_candidates,nan,,,,,,,,(无合法候选，未拟合)
II.6.15b,0.0,0,no_candidates,nan,,,,,,,,(无合法候选，未拟合)
II.6.15b,0.01,0,no_candidates,nan,,,,,,,,(无合法候选，未拟合)
II.6.15b,0.02,0,no_candidates,nan,,,,,,,,(无合法候选，未拟合)
II.8.7,0.0,1,exact,1.0,1,1,1,1,0.0,0.0,1,0.04775*(1/d*1/epsilon*q**(2))
II.8.7,0.01,1,up_to_constant,0.99992,1,1,1,1,9e-05,8e-05,1,0.04774*(1/d*1/epsilon*q**(2))
II.8.7,0.02,1,up_to_constant,0.999678,1,1,1,1,0.00018,0.00016,1,0.04774*(1/d*1/epsilon*q**(2))
II.8.31,0.0,1,exact,1.0,1,1,1,1,0.0,0.0,1,0.5*(Ef**(2)*epsilon)
II.8.31,0.01,1,up_to_constant,0.99992,1,1,1,1,0.0006,0.00055,1,0.5002*(Ef**(2)*epsilon)
II.8.31,0.02,1,up_to_constant,0.999681,1,1,1,1,0.0012,0.0011,1,0.5004*(Ef**(2)*epsilon)
II.10.9,0.0,1,up_to_constant,1.0,1,1,1,1,0.00146,0.00669,1,0.2951*(1/epsilon*sigma_den) + -0.2685*(chi**(2)*1/epsilon*sigma_den*1/(1+(chi)**2)) + 0.2617*(1/chi*1/epsilon*sigma_den*sqrt(Abs(chi))) + 0.1426*(1/epsilon*sigma_den*tanh(chi)) + -0.0636*(1/epsilon*sigma_den*sqrt(Abs(chi))) + 0.05483*(chi*1/epsilon*sigma_den*1/(1+(chi)**2)) + 0.007138*(1/chi*1/epsilon*sigma_den*cos(chi)) + 0.002932*(1/chi*1/epsilon*sigma_den*exp(-(chi)**2)) + 5.424e-05*(chi**(2)*1/epsilon*sigma_den*cos(chi))
II.10.9,0.01,1,up_to_constant,0.999919,1,1,1,1,0.0131,0.04639,1,0.8334*(chi*1/epsilon*sigma_den*1/(1+(chi)**2)) + 0.2092*(1/chi*1/epsilon*sigma_den*exp(-(chi)**2)) + 0.01253*(1/chi*1/epsilon*sigma_den*cos(chi)) + -0.0003972*(chi**(2)*1/epsilon*sigma_den*cos(chi))
II.10.9,0.02,1,up_to_constant,0.999679,1,1,1,1,0.0189,0.06558,1,0.8432*(chi*1/epsilon*sigma_den*1/(1+(chi)**2)) + 0.2058*(1/chi*1/epsilon*sigma_den*exp(-(chi)**2)) + 0.01165*(1/chi*1/epsilon*sigma_den*cos(chi)) + -0.004581*(1/epsilon*sigma_den*tanh(chi)) + -0.00053*(chi**(2)*1/epsilon*sigma_den*cos(chi))
II.11.3,0.0,0,no_candidates,nan,,,,,,,,(无合法候选，未拟合)
II.11.3,0.01,0,no_candidates,nan,,,,,,,,(无合法候选，未拟合)
II.11.3,0.02,0,no_candidates,nan,,,,,,,,(无合法候选，未拟合)
II.11.17,0.0,1,wrong,0.670732,0,0,0,0,0.6135,0.80256,1,2.314*(n_0*theta*exp(-(theta)**2/2)) + 0.05446*(n_0*theta**(2)*cos(theta))
II.11.17,0.01,1,wrong,0.670204,0,0,0,0,0.61357,0.80256,1,2.316*(n_0*theta*exp(-(theta)**2/2)) + 0.05457*(n_0*theta**(2)*cos(theta))
II.11.17,0.02,1,wrong,0.669576,0,0,0,0,0.61364,0.80256,1,2.318*(n_0*theta*exp(-(theta)**2/2)) + 0.05468*(n_0*theta**(2)*cos(theta))
II.11.20,0.0,1,wrong,0.701781,0,0,0,0,0.76259,0.88334,0,1.002*(n_rho*p_d) + -0.3221*(1/Ef*T*kb*n_rho)
II.11.20,0.01,1,wrong,0.703022,0,0,0,0,0.76268,0.88333,0,1.003*(n_rho*p_d) + -0.3224*(1/Ef*T*kb*n_rho)
II.11.20,0.02,1,wrong,0.704151,0,0,0,0,0.76278,0.88332,0,1.003*(n_rho*p_d) + -0.3227*(1/Ef*T*kb*n_rho)
II.11.27,0.0,1,approx,0.999911,1,1,1,1,0.0107,0.0748,1,0.9158*(Ef*alpha*epsilon*n) + 0.5591*(Ef*alpha**(2)*epsilon*n**(2)) + 0.004946*(Ef*epsilon)
II.11.27,0.01,1,up_to_constant,0.99982,1,1,1,1,0.01157,0.0801,1,0.9416*(Ef*alpha*epsilon*n) + 0.5352*(Ef*alpha**(2)*epsilon*n**(2))
II.11.27,0.02,1,up_to_constant,0.99961,1,1,1,1,0.01179,0.08005,1,0.9426*(Ef*alpha*epsilon*n) + 0.5346*(Ef*alpha**(2)*epsilon*n**(2))
II.11.28,0.0,1,up_to_constant,0.999915,1,1,1,1,0.01128,0.07297,1,0.9092*(alpha*n) + 0.5654*(alpha**(2)*n**(2)) + -9.241e-05*(Abs(alpha)**(-1/2)*Abs(n)**(-1/2)) + 1.006
II.11.28,0.01,1,up_to_constant,0.999848,1,1,1,1,0.01163,0.07454,1,0.9171*(alpha*n) + 0.558*(alpha**(2)*n**(2)) + 1.005
II.11.28,0.02,1,up_to_constant,0.999627,1,1,1,1,0.01158,0.07614,1,0.9249*(alpha*n) + 0.5506*(alpha**(2)*n**(2)) + 1.004
II.13.17,0.0,0,no_candidates,nan,,,,,,,,(无合法候选，未拟合)
II.13.17,0.01,0,no_candidates,nan,,,,,,,,(无合法候选，未拟合)
II.13.17,0.02,0,no_candidates,nan,,,,,,,,(无合法候选，未拟合)
II.13.23,0.0,1,up_to_constant,1.0,1,1,1,1,0.04222,0.03634,1,-3521*(c*rho_c_0*1/v*sin(v/c)) + 2298*(rho_c_0) + 1481*(rho_c_0*cos(v/c)) + -413.2*(rho_c_0*exp(-(v/c)**2/2)) + 156.4*(c*rho_c_0*1/v*tanh(v/c)) + -0.9347*(rho_c_0*(v/c)**3)
II.13.23,0.01,1,up_to_constant,0.99992,1,1,1,1,0.00122,0.05572,1,0.99*(rho_c_0) + 0.9492*(rho_c_0*(v/c)**3) + 0.1195*(1/c*rho_c_0*v*exp(-(v/c)**2))
II.13.23,0.02,1,up_to_constant,0.999566,1,1,1,1,0.00982,0.03561,1,1.161*(rho_c_0*(v/c)**3) + 1.012*(rho_c_0)
II.13.34,0.0,1,up_to_constant,1.0,1,1,1,1,0.02074,0.06078,1,28.1*(rho_c_0*v*exp(-(v/c))) + -23.1*(rho_c_0*v) + 23.04*(c*rho_c_0*sqrt(Abs(v/c))) + 19.92*(rho_c_0*v*log(Abs(v/c))) + -11.44*(rho_c_0*v*1/(1+(v/c)**2)) + 5.969*(rho_c_0*v*exp(-(v/c)**2)) + -2.179*(c*rho_c_0*exp(v/c)) + 1.604*(1/c*rho_c_0*v**(2)*(v/c)**3) + -0.005511*(c**(2)*rho_c_0*1/v*log(Abs(v/c)))
II.13.34,0.01,1,up_to_constant,0.999921,1,1,1,1,0.03455,0.08755,1,0.9257*(1/c*rho_c_0*v**(2)*(v/c)**3) + 0.685*(rho_c_0*v) + 0.5514*(c*rho_c_0*sqrt(Abs(v/c))) + 0.5244*(rho_c_0*v*log(Abs(v/c))) + 0.001593*(c**(2)*rho_c_0*1/v*log(Abs(v/c)))
II.13.34,0.02,1,up_to_constant,0.999628,1,0,0,0,0.05002,0.08947,1,1.734*(1/c*rho_c_0*v**(2)*(v/c)**3) + 1.046*(rho_c_0*v) + 0.001002*(c**(2)*rho_c_0*1/v*log(Abs(v/c)))
II.15.4,0.0,1,exact,1.0,1,1,1,1,0.0,0.0,1,-1*(B*mom*cos(theta))
II.15.4,0.01,1,up_to_constant,0.99992,1,1,1,1,0.00029,0.00022,1,-1*(B*mom*cos(theta))
II.15.4,0.02,1,up_to_constant,0.999679,1,1,1,1,0.00057,0.00044,1,-1*(B*mom*cos(theta))
II.15.5,0.0,1,exact,1.0,1,1,1,1,0.0,0.0,1,-1*(Ef*p_d*cos(theta))
II.15.5,0.01,1,up_to_constant,0.99992,1,1,1,1,0.00029,0.00022,1,-1*(Ef*p_d*cos(theta))
II.15.5,0.02,1,up_to_constant,0.999679,1,1,1,1,0.00057,0.00044,1,-1*(Ef*p_d*cos(theta))
II.21.32,0.0,1,wrong,1.0,1,0,0,0,0.30335,0.47607,1,-112.1*(1/epsilon*q*1/r*tanh(v/c)) + -63.6*(1/epsilon*q*1/r*exp(-(v/c))) + 54.15*(1/epsilon*q*1/r*exp(v/c)) + 44.46*(1/epsilon*q*1/r*exp(-(v/c)**2)) + -36.59*(1/epsilon*q*1/r*1/(1+(v/c)**2)) + -35.92*(1/epsilon*q*1/r*(v/c)**3) + -0.6977*(1/epsilon*q*1/r*log(Abs(v/c))) + -0.04689*(1/epsilon*q*1/r*1/(v/c))
II.21.32,0.01,1,up_to_constant,0.999921,1,1,1,1,0.00519,0.12529,1,0.2177*(1/epsilon*q*1/r*(v/c)**3) + 0.0797*(1/epsilon*q*1/r*exp(v/c))
II.21.32,0.02,1,up_to_constant,0.999694,1,1,1,1,0.00605,0.12636,1,0.2239*(1/epsilon*q*1/r*(v/c)**3) + 0.0794*(1/epsilon*q*1/r*exp(v/c)) + 2.285e-05*(1/epsilon*q*1/r*1/(v/c)**2)
II.24.17,0.0,1,up_to_constant,0.999195,1,1,1,1,0.02322,0.07385,1,-1.131*(1/d) + 1.057*(1/c*omega)
II.24.17,0.01,1,up_to_constant,0.999074,1,1,1,1,0.02321,0.07392,1,-1.129*(1/d) + 1.057*(1/c*omega)
II.24.17,0.02,1,up_to_constant,0.998792,1,1,1,1,0.0232,0.07399,1,-1.128*(1/d) + 1.057*(1/c*omega)
II.27.16,0.0,1,exact,1.0,1,1,1,1,0.0,0.0,1,1*(Ef**(2)*c*epsilon)
II.27.16,0.01,1,up_to_constant,0.99992,1,1,1,1,0.00065,0.0006,1,1*(Ef**(2)*c*epsilon)
II.27.16,0.02,1,up_to_constant,0.999681,1,1,1,1,0.00131,0.0012,1,1.001*(Ef**(2)*c*epsilon)
II.27.18,0.0,1,exact,1.0,1,1,1,1,0.0,0.0,1,1*(Ef**(2)*epsilon)
II.27.18,0.01,1,up_to_constant,0.99992,1,1,1,1,0.0006,0.00055,1,1*(Ef**(2)*epsilon)
II.27.18,0.02,1,up_to_constant,0.999681,1,1,1,1,0.0012,0.0011,1,1.001*(Ef**(2)*epsilon)
II.34.2a,0.0,1,exact,1.0,1,1,1,1,0.0,0.0,1,0.1592*(q*1/r*v)
II.34.2a,0.01,1,up_to_constant,0.99992,1,1,1,1,0.00045,0.00039,1,0.1592*(q*1/r*v)
II.34.2a,0.02,1,up_to_constant,0.99968,1,1,1,1,0.0009,0.00077,1,0.1592*(q*1/r*v)
II.34.2,0.0,1,exact,1.0,1,1,1,1,0.0,0.0,1,0.5*(q*r*v)
II.34.2,0.01,1,up_to_constant,0.99992,1,1,1,1,0.00064,0.00057,1,0.5002*(q*r*v)
II.34.2,0.02,1,up_to_constant,0.999681,1,1,1,1,0.00129,0.00114,1,0.5004*(q*r*v)
II.34.11,0.0,1,exact,1.0,1,1,1,1,0.0,0.0,1,0.5*(B*g_*1/m*q)
II.34.11,0.01,1,up_to_constant,0.999921,1,1,1,1,0.00115,0.00102,1,0.5004*(B*g_*1/m*q)
II.34.11,0.02,1,up_to_constant,0.999685,1,1,1,1,0.00231,0.00204,1,0.5008*(B*g_*1/m*q)
II.34.29a,0.0,1,exact,1.0,1,1,1,1,0.0,0.0,1,0.07958*(h*1/m*q)
II.34.29a,0.01,1,up_to_constant,0.99992,1,1,1,1,0.00045,0.00039,1,0.0796*(h*1/m*q)
II.34.29a,0.02,1,up_to_constant,0.99968,1,1,1,1,0.0009,0.00077,1,0.07962*(h*1/m*q)
II.34.29b,0.0,1,exact,1.0,1,1,1,1,0.0,0.0,1,6.283*(B*g_*mom*1/(h/Jz))
II.34.29b,0.01,1,up_to_constant,0.99992,1,1,1,1,5e-05,4e-05,1,6.283*(B*g_*mom*1/(h/Jz))
II.34.29b,0.02,1,up_to_constant,0.999678,1,1,1,1,0.0001,9e-05,1,6.283*(B*g_*mom*1/(h/Jz))
II.35.18,0.0,1,wrong,0.319545,0,0,0,0,0.8226,0.81546,1,0.3106*(n_0)
II.35.18,0.01,1,wrong,0.319667,0,0,0,0,0.82263,0.8155,1,0.3106*(n_0)
II.35.18,0.02,1,wrong,0.319738,0,0,0,0,0.82266,0.81554,1,0.3107*(n_0)
II.35.21,0.0,1,approx,0.983832,0,0,0,0,0.16156,0.2798,0,1.039*(mom*n_rho) + -0.2253*(1/B*T*kb*n_rho)
II.35.21,0.01,1,approx,0.983939,0,0,0,0,0.16173,0.28021,0,1.04*(mom*n_rho) + -0.2255*(1/B*T*kb*n_rho)
II.35.21,0.02,1,approx,0.98389,0,0,0,0,0.1619,0.28062,0,1.041*(mom*n_rho) + -0.2258*(1/B*T*kb*n_rho)
II.36.38,0.0,1,wrong,-0.915406,0,0,0,0,1.40531,1.35244,0,-3.209*(c**(2)*epsilon*exp(-(H/M))) + 2.457*(c**(2)*epsilon*1/(1+(H/M)**2)) + 0.09894*(c**(2)*epsilon) + -0.003966*(c**(2)*epsilon*1/(H/M))
II.36.38,0.01,1,wrong,-0.91428,0,0,0,0,1.40521,1.35147,0,-3.149*(c**(2)*epsilon*exp(-(H/M))) + 2.415*(c**(2)*epsilon*1/(1+(H/M)**2)) + 0.09976*(c**(2)*epsilon) + -0.005652*(c**(2)*epsilon*1/(H/M))
II.36.38,0.02,1,wrong,-0.913009,0,0,0,0,1.4051,1.3505,0,-3.089*(c**(2)*epsilon*exp(-(H/M))) + 2.372*(c**(2)*epsilon*1/(1+(H/M)**2)) + 0.1006*(c**(2)*epsilon) + -0.007337*(c**(2)*epsilon*1/(H/M))
II.37.1,0.0,1,exact,1.0,1,1,1,1,0.0,0.0,1,1*(B*chi*mom) + 1*(B*mom)
II.37.1,0.01,1,up_to_constant,0.999921,1,1,1,1,0.00138,0.01223,1,1.255*(B*chi*mom) + 0.9482*(B*1/chi*mom*sin(chi)) + -0.1124*(B*mom*cos(chi)) + -0.008692*(B*chi**(2)*mom*cos(chi))
II.37.1,0.02,1,up_to_constant,0.99961,1,1,1,1,0.00825,0.03949,1,1.259*(B*chi*mom) + 0.943*(B*1/chi*mom*sin(chi)) + -0.1897*(B*mom*cos(chi))
II.38.3,0.0,1,exact,1.0,1,1,1,1,0.0,0.0,1,1*(A*Y*1/(d/x))
II.38.3,0.01,1,up_to_constant,0.99992,1,1,1,1,7e-05,6e-05,1,1*(A*Y*1/(d/x))
II.38.3,0.02,1,up_to_constant,0.999678,1,1,1,1,0.00014,0.00013,1,1*(A*Y*1/(d/x))
II.38.14,0.0,1,up_to_constant,1.0,1,1,1,1,0.00333,0.01615,1,0.7725*(Y*Abs(sigma)**(-1/2)*tanh(sigma)) + -0.4645*(Y*sigma*1/(1+(sigma)**2)) + -0.3585*(Y*tanh(sigma)) + 0.2064*(Y) + -0.04933*(Y*Abs(sigma)**(-1/2)) + 0.02644*(Y*1/sigma*exp(-(sigma)**2)) + 0.0002258*(Y*sigma*cos(sigma)) + 0.0001958*(Y*sigma**(2)*exp(-(sigma)**2)) + -7.938e-05*(Y*sigma*sin(sigma))
II.38.14,0.01,1,up_to_constant,0.999913,1,1,1,1,0.00247,0.02014,1,0.4172*(Y*sigma*1/(1+(sigma)**2)) + 0.1151*(Y*1/sigma*exp(-(sigma)**2)) + -0.0006197*(Y*sigma*sin(sigma))
II.38.14,0.02,1,up_to_constant,0.999673,1,1,1,1,0.00271,0.0201,1,0.4172*(Y*sigma*1/(1+(sigma)**2)) + 0.1154*(Y*1/sigma*exp(-(sigma)**2)) + -0.0006338*(Y*sigma*sin(sigma))
III.4.32,0.0,1,up_to_constant,1.0,1,1,1,1,1e-05,3e-05,1,6.283*(T*1/h*kb*1/omega) + 0.01302*(1/T*h*1/kb*omega) + -0.4996
III.4.32,0.01,1,up_to_constant,0.999921,1,1,1,1,0.00062,0.00056,1,6.285*(T*1/h*kb*1/omega) + 0.02136*(1/T*h*1/kb*omega) + -0.515
III.4.32,0.02,1,up_to_constant,0.999684,1,1,1,1,0.00125,0.0011,1,6.288*(T*1/h*kb*1/omega) + 0.02969*(1/T*h*1/kb*omega) + -0.5303
III.4.33,0.0,1,up_to_constant,1.0,1,1,1,1,0.00016,0.00043,1,0.9998*(T*kb) + -0.07936*(h*omega) + 0.002042*(1/T*h**(2)*1/kb*omega**(2))
III.4.33,0.01,1,up_to_constant,0.999921,1,1,1,1,0.00175,0.00513,1,0.9981*(T*kb) + -0.07779*(h*omega) + 0.001892*(1/T*h**(2)*1/kb*omega**(2)) + 0.000318*(T**(2)*1/h*kb**(2)*1/omega)
III.4.33,0.02,1,up_to_constant,0.999682,1,1,1,1,0.0034,0.00986,1,0.9963*(T*kb) + -0.07622*(h*omega) + 0.001742*(1/T*h**(2)*1/kb*omega**(2)) + 0.0006114*(T**(2)*1/h*kb**(2)*1/omega)
III.7.38,0.0,1,exact,1.0,1,1,1,1,0.0,0.0,1,12.57*(B*1/h*mom)
III.7.38,0.01,1,up_to_constant,0.99992,1,1,1,1,0.00045,0.00039,1,12.57*(B*1/h*mom)
III.7.38,0.02,1,up_to_constant,0.99968,1,1,1,1,0.0009,0.00077,1,12.57*(B*1/h*mom)
III.8.54,0.0,1,wrong,0.046778,0,0,0,0,1.0345,1.14723,0,-0.1284*(1/E_n*h*1/t) + 0.6781
III.8.54,0.01,1,wrong,0.046871,0,0,0,0,1.03461,1.14781,0,-0.1287*(1/E_n*h*1/t) + 0.6785
III.8.54,0.02,1,wrong,0.046957,0,0,0,0,1.03473,1.14839,0,-0.129*(1/E_n*h*1/t) + 0.679
III.9.52,0.0,1,wrong,0.362133,0,0,0,0,0.85089,1.70585,0,272.8*(omega*1/omega_0*1/(1+(omega/omega_0)**2)) + -44.78*(1/omega_0*1/t*cos(omega/omega_0)) + 25.94*(1/omega*1/t*tanh(omega/omega_0)) + -7.286*(sqrt(Abs(omega))*sqrt(Abs(t))*sin(omega/omega_0)) + 0.846*(1/omega*omega_0*1/(omega/omega_0)**2) + 0.3458*(omega**(2)*t**(2)*exp(-(omega/omega_0)**2)) + -0.3179*(1/omega_0*1/t*exp(omega/omega_0)) + -0.1129*(omega_0**(2)*t**(2)*exp(-(omega/omega_0)**2)) + -96.95
III.9.52,0.01,1,wrong,0.361497,0,0,0,0,0.85048,1.72613,0,272.2*(omega*1/omega_0*1/(1+(omega/omega_0)**2)) + -44.89*(1/omega_0*1/t*cos(omega/omega_0)) + 26.08*(1/omega*1/t*tanh(omega/omega_0)) + -7.316*(sqrt(Abs(omega))*sqrt(Abs(t))*sin(omega/omega_0)) + 0.8427*(1/omega*omega_0*1/(omega/omega_0)**2) + 0.3501*(omega**(2)*t**(2)*exp(-(omega/omega_0)**2)) + -0.3289*(1/omega_0*1/t*exp(omega/omega_0)) + -0.1147*(omega_0**(2)*t**(2)*exp(-(omega/omega_0)**2)) + -96.63
III.9.52,0.02,1,wrong,0.360821,0,0,0,0,0.85007,1.74659,0,271.5*(omega*1/omega_0*1/(1+(omega/omega_0)**2)) + -44.99*(1/omega_0*1/t*cos(omega/omega_0)) + 26.23*(1/omega*1/t*tanh(omega/omega_0)) + -7.347*(sqrt(Abs(omega))*sqrt(Abs(t))*sin(omega/omega_0)) + 0.8393*(1/omega*omega_0*1/(omega/omega_0)**2) + 0.3545*(omega**(2)*t**(2)*exp(-(omega/omega_0)**2)) + -0.34*(1/omega_0*1/t*exp(omega/omega_0)) + -0.1165*(omega_0**(2)*t**(2)*exp(-(omega/omega_0)**2)) + -96.3
III.10.19,0.0,1,up_to_constant,0.999751,1,1,1,1,0.02471,0.0898,1,1.669*(Bz*mom*sqrt(Abs(Bx/Bz))) + 0.3751*(By*mom*exp(-(Bx/By)**2)) + -0.1486*(Bx*mom*cos(Bx/Bz)) + -0.1162*(Bx*mom*cos(By/Bz)) + 0.05799*(1/Bx*By**(2)*mom*log(Abs(By/Bz))) + 0.04703*(1/Bx*Bz**(2)*mom*sin(Bx/By)) + -0.04692*(1/Bx*Bz**(2)*mom*log(Abs(Bx/By))) + 0.02087*(Bx*mom*sin(By/Bz)) + 0.002378*(1/Bx*Bz**(2)*mom*1/(By/Bz)**2) + 0.002042*(Bx*mom*exp(Bx/Bz))
III.10.19,0.01,1,up_to_constant,0.999686,1,1,1,1,0.02484,0.0933,1,1.674*(Bz*mom*sqrt(Abs(Bx/Bz))) + 0.3684*(By*mom*exp(-(Bx/By)**2)) + -0.1461*(Bx*mom*cos(Bx/Bz)) + -0.1193*(Bx*mom*cos(By/Bz)) + 0.05914*(1/Bx*By**(2)*mom*log(Abs(By/Bz))) + -0.04841*(1/Bx*Bz**(2)*mom*log(Abs(Bx/By))) + 0.04554*(1/Bx*Bz**(2)*mom*sin(Bx/By)) + 0.0204*(Bx*mom*sin(By/Bz)) + 0.002392*(1/Bx*Bz**(2)*mom*1/(By/Bz)**2) + 0.002076*(Bx*mom*exp(Bx/Bz))
III.10.19,0.02,1,up_to_constant,0.999468,1,1,1,1,0.02507,0.09684,1,1.678*(Bz*mom*sqrt(Abs(Bx/Bz))) + 0.3617*(By*mom*exp(-(Bx/By)**2)) + -0.1435*(Bx*mom*cos(Bx/Bz)) + -0.1225*(Bx*mom*cos(By/Bz)) + 0.0603*(1/Bx*By**(2)*mom*log(Abs(By/Bz))) + -0.04989*(1/Bx*Bz**(2)*mom*log(Abs(Bx/By))) + 0.04406*(1/Bx*Bz**(2)*mom*sin(Bx/By)) + 0.01994*(Bx*mom*sin(By/Bz)) + 0.002407*(1/Bx*Bz**(2)*mom*1/(By/Bz)**2) + 0.00211*(Bx*mom*exp(Bx/Bz))
III.12.43,0.0,1,exact,1.0,1,1,1,1,0.0,0.0,1,0.1592*(h*n)
III.12.43,0.01,1,up_to_constant,0.999922,1,1,1,1,0.0016,0.00336,1,0.1591*(h*n) + -7.085e-05*(h*n**(2)*cos(n))
III.12.43,0.02,1,up_to_constant,0.999688,1,1,1,1,0.00319,0.00673,1,0.1591*(h*n) + -0.0001417*(h*n**(2)*cos(n))
III.13.18,0.0,1,exact,1.0,1,1,1,1,0.0,0.0,1,12.57*(E_n*d**(2)*1/h*k)
III.13.18,0.01,1,up_to_constant,0.999921,1,1,1,1,0.00113,0.00104,1,12.58*(E_n*d**(2)*1/h*k)
III.13.18,0.02,1,up_to_constant,0.999685,1,1,1,1,0.00227,0.00208,1,12.59*(E_n*d**(2)*1/h*k)
III.14.14,0.0,1,wrong,0.240023,0,0,0,0,0.95274,1.00688,1,2.544*(I_0)
III.14.14,0.01,1,wrong,0.240546,0,0,0,0,0.95277,1.00688,1,2.545*(I_0)
III.14.14,0.02,1,wrong,0.24103,0,0,0,0,0.95279,1.00688,1,2.546*(I_0)
III.15.12,0.0,1,wrong,0.223438,0,0,0,0,0.94223,1.08794,1,8.464*(U*1/d*1/k) + 0.004287*(U*d**(2)*k**(2))
III.15.12,0.01,1,wrong,0.224404,0,0,0,0,0.94224,1.08871,1,8.462*(U*1/d*1/k) + 0.004293*(U*d**(2)*k**(2))
III.15.12,0.02,1,wrong,0.225339,0,0,0,0,0.94225,1.08948,1,8.46*(U*1/d*1/k) + 0.004299*(U*d**(2)*k**(2))
III.15.14,0.0,0,no_candidates,nan,,,,,,,,(无合法候选，未拟合)
III.15.14,0.01,0,no_candidates,nan,,,,,,,,(无合法候选，未拟合)
III.15.14,0.02,0,no_candidates,nan,,,,,,,,(无合法候选，未拟合)
III.15.27,0.0,1,exact,1.0,1,1,1,1,0.0,0.0,1,6.283*(1/d*alpha/n)
III.15.27,0.01,1,up_to_constant,0.999923,1,1,1,1,0.00187,0.00258,1,6.277*(1/d*alpha/n) + -0.01174*(sqrt(Abs(alpha))*1/d*cos(alpha))
III.15.27,0.02,1,up_to_constant,0.999693,1,1,1,1,0.00375,0.00517,1,6.271*(1/d*alpha/n) + -0.02349*(sqrt(Abs(alpha))*1/d*cos(alpha))
III.17.37,0.0,1,wrong,0.918504,0,0,0,0,0.30501,1.32256,1,-76*(Abs(alpha)**(-1/2)*exp(-(theta)**2)) + 15.29*(cos(theta)) + -7.071*(sin(beta/theta)) + -5.002*(sin(alpha/theta)) + 4.985*(exp(-(beta/alpha)**2)) + -1.857*(alpha*sqrt(Abs(beta))) + -1.805*(cos(beta)) + 0.7822*(beta*theta) + -0.2019*(Abs(alpha)**(-1/2)*exp(theta)) + 19.94
III.17.37,0.01,1,wrong,0.918028,0,0,0,0,0.30498,1.32345,1,-75.99*(Abs(alpha)**(-1/2)*exp(-(theta)**2)) + 15.29*(cos(theta)) + -7.062*(sin(beta/theta)) + -4.992*(sin(alpha/theta)) + 4.982*(exp(-(beta/alpha)**2)) + -1.857*(alpha*sqrt(Abs(beta))) + -1.817*(cos(beta)) + 0.7828*(beta*theta) + -0.202*(Abs(alpha)**(-1/2)*exp(theta)) + 19.92
III.17.37,0.02,1,wrong,0.91741,0,0,0,0,0.30497,1.32435,1,-75.99*(Abs(alpha)**(-1/2)*exp(-(theta)**2)) + 15.3*(cos(theta)) + -7.053*(sin(beta/theta)) + -4.983*(sin(alpha/theta)) + 4.978*(exp(-(beta/alpha)**2)) + -1.856*(alpha*sqrt(Abs(beta))) + -1.829*(cos(beta)) + 0.7833*(beta*theta) + -0.2022*(Abs(alpha)**(-1/2)*exp(theta)) + 19.91
III.19.51,0.0,0,no_candidates,nan,,,,,,,,(无合法候选，未拟合)
III.19.51,0.01,0,no_candidates,nan,,,,,,,,(无合法候选，未拟合)
III.19.51,0.02,0,no_candidates,nan,,,,,,,,(无合法候选，未拟合)
III.21.20,0.0,1,exact,1.0,1,1,1,1,0.0,0.0,1,-1*(A_vec*1/m*q*rho_c_0)
III.21.20,0.01,1,up_to_constant,0.999921,1,1,1,1,0.00115,0.00102,1,-0.9992*(A_vec*1/m*q*rho_c_0)
III.21.20,0.02,1,up_to_constant,0.999681,1,1,1,1,0.00231,0.00204,1,-0.9985*(A_vec*1/m*q*rho_c_0)
